kind,arm,clock,n_target,shape,quantised,censoring_target,rho,b,check,calibration,variant,alpha,n_replicates,n_used,n_failed,n_failed_tau_only,rejection_rate,mc_se,mean_n_events,mean_n_segments,censoring_realised,mean_n_distinct_durations,mean_induced_lag1,fail_reason
size,A_iid_weibull,in_spec,20,0.75,False,0.0,,,c1_lewis_robinson,asymptotic,,0.05,2000,2000,0,0,0.064,0.005472842040475863,20.322,1.0,0.046899915580151955,20.322,-0.050408651178798634,
size,A_iid_weibull,in_spec,20,0.75,False,0.0,,,c1_lewis_robinson,permutation,,0.05,2000,2000,0,0,0.0505,0.00489641450451246,20.322,1.0,0.046899915580151955,20.322,-0.050408651178798634,
size,A_iid_weibull,in_spec,20,0.75,False,0.0,,,c2_anderson_darling,asymptotic,,0.05,2000,2000,0,0,0.065,0.005512485827646181,20.322,1.0,0.046899915580151955,20.322,-0.050408651178798634,
size,A_iid_weibull,in_spec,20,0.75,False,0.0,,,c2_anderson_darling,permutation,,0.05,2000,2000,0,0,0.048,0.0047799581588126895,20.322,1.0,0.046899915580151955,20.322,-0.050408651178798634,
size,A_iid_weibull,in_spec,20,0.75,False,0.0,,,c5_rank_autocorr,permutation,studentized,0.05,2000,2000,0,0,0.055,0.005097793640389928,20.322,1.0,0.046899915580151955,20.322,-0.050408651178798634,
size,A_iid_weibull,in_spec,20,0.75,False,0.0,,,c5_rank_autocorr,permutation,unstudentized,0.05,2000,2000,0,0,0.0485,0.004803527349771208,20.322,1.0,0.046899915580151955,20.322,-0.050408651178798634,
size,A_iid_weibull,in_spec,20,0.75,False,0.0,,,c6_exchangeability,permutation,,0.05,2000,2000,0,0,0.049,0.0048269555622566076,20.322,1.0,0.046899915580151955,20.322,-0.050408651178798634,
size,A_iid_weibull,in_spec,20,0.75,False,0.0,,,cvm_cramer_von_mises,asymptotic,,0.05,2000,2000,0,0,0.061,0.005351588549206675,20.322,1.0,0.046899915580151955,20.322,-0.050408651178798634,
size,A_iid_weibull,in_spec,20,0.75,False,0.0,,,cvm_cramer_von_mises,permutation,,0.05,2000,2000,0,0,0.0525,0.004987171041783107,20.322,1.0,0.046899915580151955,20.322,-0.050408651178798634,
size,A_iid_weibull,in_spec,20,0.75,False,0.03,,,c1_lewis_robinson,asymptotic,,0.05,2000,1999,1,0,0.07253626813406704,0.0058012245321708775,20.613806903451724,1.0,0.04626672221450725,20.613806903451724,-0.05673598112273683,ValueError: no usable lag: segment sizes [2] give fewer than 2 within-segment pairs even at lag 1. A record of very short segments carries no ordering informati
size,A_iid_weibull,in_spec,20,0.75,False,0.03,,,c1_lewis_robinson,permutation,,0.05,2000,1999,1,0,0.05252626313156578,0.004989596721602033,20.613806903451724,1.0,0.04626672221450725,20.613806903451724,-0.05673598112273683,ValueError: no usable lag: segment sizes [2] give fewer than 2 within-segment pairs even at lag 1. A record of very short segments carries no ordering informati
size,A_iid_weibull,in_spec,20,0.75,False,0.03,,,c2_anderson_darling,asymptotic,,0.05,2000,1999,1,0,0.0720360180090045,0.005782744601551137,20.613806903451724,1.0,0.04626672221450725,20.613806903451724,-0.05673598112273683,ValueError: no usable lag: segment sizes [2] give fewer than 2 within-segment pairs even at lag 1. A record of very short segments carries no ordering informati
size,A_iid_weibull,in_spec,20,0.75,False,0.03,,,c2_anderson_darling,permutation,,0.05,2000,1999,1,0,0.04502251125562781,0.004637725370937833,20.613806903451724,1.0,0.04626672221450725,20.613806903451724,-0.05673598112273683,ValueError: no usable lag: segment sizes [2] give fewer than 2 within-segment pairs even at lag 1. A record of very short segments carries no ordering informati
size,A_iid_weibull,in_spec,20,0.75,False,0.03,,,c5_rank_autocorr,permutation,studentized,0.05,2000,1999,1,0,0.05102551275637819,0.00492169345199202,20.613806903451724,1.0,0.04626672221450725,20.613806903451724,-0.05673598112273683,ValueError: no usable lag: segment sizes [2] give fewer than 2 within-segment pairs even at lag 1. A record of very short segments carries no ordering informati
size,A_iid_weibull,in_spec,20,0.75,False,0.03,,,c5_rank_autocorr,permutation,unstudentized,0.05,2000,1999,1,0,0.05252626313156578,0.004989596721602033,20.613806903451724,1.0,0.04626672221450725,20.613806903451724,-0.05673598112273683,ValueError: no usable lag: segment sizes [2] give fewer than 2 within-segment pairs even at lag 1. A record of very short segments carries no ordering informati
size,A_iid_weibull,in_spec,20,0.75,False,0.03,,,c6_exchangeability,permutation,,0.05,2000,1999,1,0,0.048024012006003,0.004782289021228895,20.613806903451724,1.0,0.04626672221450725,20.613806903451724,-0.05673598112273683,ValueError: no usable lag: segment sizes [2] give fewer than 2 within-segment pairs even at lag 1. A record of very short segments carries no ordering informati
size,A_iid_weibull,in_spec,20,0.75,False,0.03,,,cvm_cramer_von_mises,asymptotic,,0.05,2000,1999,1,0,0.0670335167583792,0.005593358116749074,20.613806903451724,1.0,0.04626672221450725,20.613806903451724,-0.05673598112273683,ValueError: no usable lag: segment sizes [2] give fewer than 2 within-segment pairs even at lag 1. A record of very short segments carries no ordering informati
size,A_iid_weibull,in_spec,20,0.75,False,0.03,,,cvm_cramer_von_mises,permutation,,0.05,2000,1999,1,0,0.05252626313156578,0.004989596721602033,20.613806903451724,1.0,0.04626672221450725,20.613806903451724,-0.05673598112273683,ValueError: no usable lag: segment sizes [2] give fewer than 2 within-segment pairs even at lag 1. A record of very short segments carries no ordering informati
size,A_iid_weibull,in_spec,20,0.75,False,0.25,,,c1_lewis_robinson,asymptotic,,0.05,2000,2000,0,0,0.1415,0.007793514932301086,21.432,3.6995,0.14720569802837077,21.432,-0.07246096605814262,
size,A_iid_weibull,in_spec,20,0.75,False,0.25,,,c1_lewis_robinson,permutation,,0.05,2000,2000,0,0,0.045,0.004635461142108733,21.432,3.6995,0.14720569802837077,21.432,-0.07246096605814262,
size,A_iid_weibull,in_spec,20,0.75,False,0.25,,,c2_anderson_darling,asymptotic,,0.05,2000,1,0,0,0.0,0.0,21.432,3.6995,0.14720569802837077,21.432,-0.07246096605814262,
size,A_iid_weibull,in_spec,20,0.75,False,0.25,,,c2_anderson_darling,permutation,,0.05,2000,2000,0,0,0.0465,0.004708383480558906,21.432,3.6995,0.14720569802837077,21.432,-0.07246096605814262,
size,A_iid_weibull,in_spec,20,0.75,False,0.25,,,c5_rank_autocorr,permutation,studentized,0.05,2000,2000,0,0,0.051,0.004919298730510275,21.432,3.6995,0.14720569802837077,21.432,-0.07246096605814262,
size,A_iid_weibull,in_spec,20,0.75,False,0.25,,,c5_rank_autocorr,permutation,unstudentized,0.05,2000,2000,0,0,0.0425,0.0045107510461119445,21.432,3.6995,0.14720569802837077,21.432,-0.07246096605814262,
size,A_iid_weibull,in_spec,20,0.75,False,0.25,,,c6_exchangeability,permutation,,0.05,2000,2000,0,0,0.0435,0.004561126505590478,21.432,3.6995,0.14720569802837077,21.432,-0.07246096605814262,
size,A_iid_weibull,in_spec,20,0.75,False,0.25,,,cvm_cramer_von_mises,asymptotic,,0.05,2000,1,0,0,0.0,0.0,21.432,3.6995,0.14720569802837077,21.432,-0.07246096605814262,
size,A_iid_weibull,in_spec,20,0.75,False,0.25,,,cvm_cramer_von_mises,permutation,,0.05,2000,2000,0,0,0.0495,0.004850244839180801,21.432,3.6995,0.14720569802837077,21.432,-0.07246096605814262,
size,A_iid_weibull,in_spec,20,0.75,True,0.0,,,c1_lewis_robinson,asymptotic,,0.05,2000,2000,0,0,0.069,0.005667406814408156,16.964,1.0,0.05566688933422401,6.583,-0.06920799597374912,
size,A_iid_weibull,in_spec,20,0.75,True,0.0,,,c1_lewis_robinson,permutation,,0.05,2000,2000,0,0,0.0395,0.00435544199823623,16.964,1.0,0.05566688933422401,6.583,-0.06920799597374912,
size,A_iid_weibull,in_spec,20,0.75,True,0.0,,,c2_anderson_darling,asymptotic,,0.05,2000,2000,0,0,0.065,0.005512485827646181,16.964,1.0,0.05566688933422401,6.583,-0.06920799597374912,
size,A_iid_weibull,in_spec,20,0.75,True,0.0,,,c2_anderson_darling,permutation,,0.05,2000,2000,0,0,0.037,0.0042208411483968455,16.964,1.0,0.05566688933422401,6.583,-0.06920799597374912,
size,A_iid_weibull,in_spec,20,0.75,True,0.0,,,c5_rank_autocorr,permutation,studentized,0.05,2000,2000,0,0,0.038,0.004275277768753745,16.964,1.0,0.05566688933422401,6.583,-0.06920799597374912,
size,A_iid_weibull,in_spec,20,0.75,True,0.0,,,c5_rank_autocorr,permutation,unstudentized,0.05,2000,2000,0,0,0.0415,0.004459694496263169,16.964,1.0,0.05566688933422401,6.583,-0.06920799597374912,
size,A_iid_weibull,in_spec,20,0.75,True,0.0,,,c6_exchangeability,permutation,,0.05,2000,2000,0,0,0.0455,0.004659922209651144,16.964,1.0,0.05566688933422401,6.583,-0.06920799597374912,
size,A_iid_weibull,in_spec,20,0.75,True,0.0,,,cvm_cramer_von_mises,asymptotic,,0.05,2000,2000,0,0,0.067,0.005590661857061291,16.964,1.0,0.05566688933422401,6.583,-0.06920799597374912,
size,A_iid_weibull,in_spec,20,0.75,True,0.0,,,cvm_cramer_von_mises,permutation,,0.05,2000,2000,0,0,0.0375,0.004248161366991607,16.964,1.0,0.05566688933422401,6.583,-0.06920799597374912,
size,A_iid_weibull,in_spec,20,0.75,True,0.03,,,c1_lewis_robinson,asymptotic,,0.05,2000,1999,1,0,0.06803401700850426,0.005631922766348848,17.315157578789396,1.0,0.054599584835573034,6.6108054027013505,-0.05870992889906604,ValueError: no usable lag: segment sizes [2] give fewer than 2 within-segment pairs even at lag 1. A record of very short segments carries no ordering informati
size,A_iid_weibull,in_spec,20,0.75,True,0.03,,,c1_lewis_robinson,permutation,,0.05,2000,1999,1,0,0.04052026013006503,0.0044100916973366785,17.315157578789396,1.0,0.054599584835573034,6.6108054027013505,-0.05870992889906604,ValueError: no usable lag: segment sizes [2] give fewer than 2 within-segment pairs even at lag 1. A record of very short segments carries no ordering informati
size,A_iid_weibull,in_spec,20,0.75,True,0.03,,,c2_anderson_darling,asymptotic,,0.05,2000,1999,1,0,0.06653326663331666,0.005573942047346915,17.315157578789396,1.0,0.054599584835573034,6.6108054027013505,-0.05870992889906604,ValueError: no usable lag: segment sizes [2] give fewer than 2 within-segment pairs even at lag 1. A record of very short segments carries no ordering informati
size,A_iid_weibull,in_spec,20,0.75,True,0.03,,,c2_anderson_darling,permutation,,0.05,2000,1999,1,0,0.04252126063031516,0.004512957445491193,17.315157578789396,1.0,0.054599584835573034,6.6108054027013505,-0.05870992889906604,ValueError: no usable lag: segment sizes [2] give fewer than 2 within-segment pairs even at lag 1. A record of very short segments carries no ordering informati
size,A_iid_weibull,in_spec,20,0.75,True,0.03,,,c5_rank_autocorr,permutation,studentized,0.05,2000,1999,1,0,0.04452226113056528,0.004613096034628574,17.315157578789396,1.0,0.054599584835573034,6.6108054027013505,-0.05870992889906604,ValueError: no usable lag: segment sizes [2] give fewer than 2 within-segment pairs even at lag 1. A record of very short segments carries no ordering informati
size,A_iid_weibull,in_spec,20,0.75,True,0.03,,,c5_rank_autocorr,permutation,unstudentized,0.05,2000,1999,1,0,0.03551775887943972,0.004139648800068045,17.315157578789396,1.0,0.054599584835573034,6.6108054027013505,-0.05870992889906604,ValueError: no usable lag: segment sizes [2] give fewer than 2 within-segment pairs even at lag 1. A record of very short segments carries no ordering informati
size,A_iid_weibull,in_spec,20,0.75,True,0.03,,,c6_exchangeability,permutation,,0.05,2000,1999,1,0,0.04202101050525263,0.004487503920488899,17.315157578789396,1.0,0.054599584835573034,6.6108054027013505,-0.05870992889906604,ValueError: no usable lag: segment sizes [2] give fewer than 2 within-segment pairs even at lag 1. A record of very short segments carries no ordering informati
size,A_iid_weibull,in_spec,20,0.75,True,0.03,,,cvm_cramer_von_mises,asymptotic,,0.05,2000,1999,1,0,0.06253126563281641,0.00541527615487004,17.315157578789396,1.0,0.054599584835573034,6.6108054027013505,-0.05870992889906604,ValueError: no usable lag: segment sizes [2] give fewer than 2 within-segment pairs even at lag 1. A record of very short segments carries no ordering informati
size,A_iid_weibull,in_spec,20,0.75,True,0.03,,,cvm_cramer_von_mises,permutation,,0.05,2000,1999,1,0,0.0415207603801901,0.004461877137776966,17.315157578789396,1.0,0.054599584835573034,6.6108054027013505,-0.05870992889906604,ValueError: no usable lag: segment sizes [2] give fewer than 2 within-segment pairs even at lag 1. A record of very short segments carries no ordering informati
size,A_iid_weibull,in_spec,20,0.75,True,0.25,,,c1_lewis_robinson,asymptotic,,0.05,2000,1862,138,0,0.1761546723952739,0.008828361063647826,17.566595059076263,3.6482277121374866,0.1719659764062579,5.788936627282492,-0.09078813225624564,"ValueError: gamma_hat is zero: every gap is identical, so the statistic it scales is undefined. A fully quantised duration vector (every window one read long) r"
size,A_iid_weibull,in_spec,20,0.75,True,0.25,,,c1_lewis_robinson,permutation,,0.05,2000,1862,138,0,0.05800214822771214,0.005416979066472058,17.566595059076263,3.6482277121374866,0.1719659764062579,5.788936627282492,-0.09078813225624564,"ValueError: gamma_hat is zero: every gap is identical, so the statistic it scales is undefined. A fully quantised duration vector (every window one read long) r"
size,A_iid_weibull,in_spec,20,0.75,True,0.25,,,c2_anderson_darling,asymptotic,,0.05,2000,5,138,0,0.4,0.21908902300206645,17.566595059076263,3.6482277121374866,0.1719659764062579,5.788936627282492,-0.09078813225624564,"ValueError: gamma_hat is zero: every gap is identical, so the statistic it scales is undefined. A fully quantised duration vector (every window one read long) r"
size,A_iid_weibull,in_spec,20,0.75,True,0.25,,,c2_anderson_darling,permutation,,0.05,2000,1862,138,0,0.04618689581095596,0.004864085400262208,17.566595059076263,3.6482277121374866,0.1719659764062579,5.788936627282492,-0.09078813225624564,"ValueError: gamma_hat is zero: every gap is identical, so the statistic it scales is undefined. A fully quantised duration vector (every window one read long) r"
size,A_iid_weibull,in_spec,20,0.75,True,0.25,,,c5_rank_autocorr,permutation,studentized,0.05,2000,1862,138,0,0.050483351235230935,0.005073825679551103,17.566595059076263,3.6482277121374866,0.1719659764062579,5.788936627282492,-0.09078813225624564,"ValueError: gamma_hat is zero: every gap is identical, so the statistic it scales is undefined. A fully quantised duration vector (every window one read long) r"
size,A_iid_weibull,in_spec,20,0.75,True,0.25,,,c5_rank_autocorr,permutation,unstudentized,0.05,2000,1862,138,0,0.04457572502685284,0.0047825278228751916,17.566595059076263,3.6482277121374866,0.1719659764062579,5.788936627282492,-0.09078813225624564,"ValueError: gamma_hat is zero: every gap is identical, so the statistic it scales is undefined. A fully quantised duration vector (every window one read long) r"
size,A_iid_weibull,in_spec,20,0.75,True,0.25,,,c6_exchangeability,permutation,,0.05,2000,1862,138,0,0.04887218045112782,0.0049964375294346015,17.566595059076263,3.6482277121374866,0.1719659764062579,5.788936627282492,-0.09078813225624564,"ValueError: gamma_hat is zero: every gap is identical, so the statistic it scales is undefined. A fully quantised duration vector (every window one read long) r"
size,A_iid_weibull,in_spec,20,0.75,True,0.25,,,cvm_cramer_von_mises,asymptotic,,0.05,2000,5,138,0,0.4,0.21908902300206645,17.566595059076263,3.6482277121374866,0.1719659764062579,5.788936627282492,-0.09078813225624564,"ValueError: gamma_hat is zero: every gap is identical, so the statistic it scales is undefined. A fully quantised duration vector (every window one read long) r"
size,A_iid_weibull,in_spec,20,0.75,True,0.25,,,cvm_cramer_von_mises,permutation,,0.05,2000,1862,138,0,0.04457572502685284,0.0047825278228751916,17.566595059076263,3.6482277121374866,0.1719659764062579,5.788936627282492,-0.09078813225624564,"ValueError: gamma_hat is zero: every gap is identical, so the statistic it scales is undefined. A fully quantised duration vector (every window one read long) r"
size,D_trp_power_law,in_spec,20,0.75,False,0.0,,1.0,c1_lewis_robinson,asymptotic,,0.05,2000,1999,1,0,0.07803901950975488,0.005999371775670086,20.792896448224113,1.0,0.0458865117987329,20.792896448224113,-0.051915469308342024,ValueError: no usable lag: segment sizes [2] give fewer than 2 within-segment pairs even at lag 1. A record of very short segments carries no ordering informati
size,D_trp_power_law,in_spec,20,0.75,False,0.0,,1.0,c1_lewis_robinson,permutation,,0.05,2000,1999,1,0,0.058029014507253625,0.005229196519486047,20.792896448224113,1.0,0.0458865117987329,20.792896448224113,-0.051915469308342024,ValueError: no usable lag: segment sizes [2] give fewer than 2 within-segment pairs even at lag 1. A record of very short segments carries no ordering informati
size,D_trp_power_law,in_spec,20,0.75,False,0.0,,1.0,c2_anderson_darling,asymptotic,,0.05,2000,1999,1,0,0.07703851925962982,0.005964023616133963,20.792896448224113,1.0,0.0458865117987329,20.792896448224113,-0.051915469308342024,ValueError: no usable lag: segment sizes [2] give fewer than 2 within-segment pairs even at lag 1. A record of very short segments carries no ordering informati
size,D_trp_power_law,in_spec,20,0.75,False,0.0,,1.0,c2_anderson_darling,permutation,,0.05,2000,1999,1,0,0.05552776388194097,0.005122043862245771,20.792896448224113,1.0,0.0458865117987329,20.792896448224113,-0.051915469308342024,ValueError: no usable lag: segment sizes [2] give fewer than 2 within-segment pairs even at lag 1. A record of very short segments carries no ordering informati
size,D_trp_power_law,in_spec,20,0.75,False,0.0,,1.0,c5_rank_autocorr,permutation,studentized,0.05,2000,1999,1,0,0.04302151075537769,0.004538240628024282,20.792896448224113,1.0,0.0458865117987329,20.792896448224113,-0.051915469308342024,ValueError: no usable lag: segment sizes [2] give fewer than 2 within-segment pairs even at lag 1. A record of very short segments carries no ordering informati
size,D_trp_power_law,in_spec,20,0.75,False,0.0,,1.0,c5_rank_autocorr,permutation,unstudentized,0.05,2000,1999,1,0,0.04652326163081541,0.004710681387930238,20.792896448224113,1.0,0.0458865117987329,20.792896448224113,-0.051915469308342024,ValueError: no usable lag: segment sizes [2] give fewer than 2 within-segment pairs even at lag 1. A record of very short segments carries no ordering informati
size,D_trp_power_law,in_spec,20,0.75,False,0.0,,1.0,c6_exchangeability,permutation,,0.05,2000,1999,1,0,0.05052526263131566,0.004898798765855798,20.792896448224113,1.0,0.0458865117987329,20.792896448224113,-0.051915469308342024,ValueError: no usable lag: segment sizes [2] give fewer than 2 within-segment pairs even at lag 1. A record of very short segments carries no ordering informati
size,D_trp_power_law,in_spec,20,0.75,False,0.0,,1.0,cvm_cramer_von_mises,asymptotic,,0.05,2000,1999,1,0,0.07253626813406704,0.0058012245321708775,20.792896448224113,1.0,0.0458865117987329,20.792896448224113,-0.051915469308342024,ValueError: no usable lag: segment sizes [2] give fewer than 2 within-segment pairs even at lag 1. A record of very short segments carries no ordering informati
size,D_trp_power_law,in_spec,20,0.75,False,0.0,,1.0,cvm_cramer_von_mises,permutation,,0.05,2000,1999,1,0,0.057028514257128564,0.005186673519750088,20.792896448224113,1.0,0.0458865117987329,20.792896448224113,-0.051915469308342024,ValueError: no usable lag: segment sizes [2] give fewer than 2 within-segment pairs even at lag 1. A record of very short segments carries no ordering informati
size,D_trp_power_law,in_spec,20,0.75,False,0.03,,1.0,c1_lewis_robinson,asymptotic,,0.05,2000,2000,0,0,0.073,0.005816829033072916,20.322,1.0,0.046899915580151955,20.322,-0.05502338333505159,
size,D_trp_power_law,in_spec,20,0.75,False,0.03,,1.0,c1_lewis_robinson,permutation,,0.05,2000,2000,0,0,0.0575,0.005205465877325487,20.322,1.0,0.046899915580151955,20.322,-0.05502338333505159,
size,D_trp_power_law,in_spec,20,0.75,False,0.03,,1.0,c2_anderson_darling,asymptotic,,0.05,2000,2000,0,0,0.0755,0.005907611615534657,20.322,1.0,0.046899915580151955,20.322,-0.05502338333505159,
size,D_trp_power_law,in_spec,20,0.75,False,0.03,,1.0,c2_anderson_darling,permutation,,0.05,2000,2000,0,0,0.0555,0.005119558086397693,20.322,1.0,0.046899915580151955,20.322,-0.05502338333505159,
size,D_trp_power_law,in_spec,20,0.75,False,0.03,,1.0,c5_rank_autocorr,permutation,studentized,0.05,2000,2000,0,0,0.0435,0.004561126505590478,20.322,1.0,0.046899915580151955,20.322,-0.05502338333505159,
size,D_trp_power_law,in_spec,20,0.75,False,0.03,,1.0,c5_rank_autocorr,permutation,unstudentized,0.05,2000,2000,0,0,0.0395,0.00435544199823623,20.322,1.0,0.046899915580151955,20.322,-0.05502338333505159,
size,D_trp_power_law,in_spec,20,0.75,False,0.03,,1.0,c6_exchangeability,permutation,,0.05,2000,2000,0,0,0.0405,0.004407933189148856,20.322,1.0,0.046899915580151955,20.322,-0.05502338333505159,
size,D_trp_power_law,in_spec,20,0.75,False,0.03,,1.0,cvm_cramer_von_mises,asymptotic,,0.05,2000,2000,0,0,0.0685,0.0056483515294287415,20.322,1.0,0.046899915580151955,20.322,-0.05502338333505159,
size,D_trp_power_law,in_spec,20,0.75,False,0.03,,1.0,cvm_cramer_von_mises,permutation,,0.05,2000,2000,0,0,0.0545,0.005075911248239078,20.322,1.0,0.046899915580151955,20.322,-0.05502338333505159,
size,D_trp_power_law,in_spec,20,0.75,False,0.25,,1.0,c1_lewis_robinson,asymptotic,,0.05,2000,2000,0,0,0.14,0.00775886589650833,21.3945,3.6965,0.14732374158064643,21.3945,-0.07867974454643732,
size,D_trp_power_law,in_spec,20,0.75,False,0.25,,1.0,c1_lewis_robinson,permutation,,0.05,2000,2000,0,0,0.049,0.0048269555622566076,21.3945,3.6965,0.14732374158064643,21.3945,-0.07867974454643732,
size,D_trp_power_law,in_spec,20,0.75,False,0.25,,1.0,c2_anderson_darling,asymptotic,,0.05,2000,1,0,0,0.0,0.0,21.3945,3.6965,0.14732374158064643,21.3945,-0.07867974454643732,
size,D_trp_power_law,in_spec,20,0.75,False,0.25,,1.0,c2_anderson_darling,permutation,,0.05,2000,2000,0,0,0.047,0.00473238840333293,21.3945,3.6965,0.14732374158064643,21.3945,-0.07867974454643732,
size,D_trp_power_law,in_spec,20,0.75,False,0.25,,1.0,c5_rank_autocorr,permutation,studentized,0.05,2000,2000,0,0,0.051,0.004919298730510275,21.3945,3.6965,0.14732374158064643,21.3945,-0.07867974454643732,
size,D_trp_power_law,in_spec,20,0.75,False,0.25,,1.0,c5_rank_autocorr,permutation,unstudentized,0.05,2000,2000,0,0,0.052,0.004964675215963275,21.3945,3.6965,0.14732374158064643,21.3945,-0.07867974454643732,
size,D_trp_power_law,in_spec,20,0.75,False,0.25,,1.0,c6_exchangeability,permutation,,0.05,2000,2000,0,0,0.055,0.005097793640389928,21.3945,3.6965,0.14732374158064643,21.3945,-0.07867974454643732,
size,D_trp_power_law,in_spec,20,0.75,False,0.25,,1.0,cvm_cramer_von_mises,asymptotic,,0.05,2000,1,0,0,0.0,0.0,21.3945,3.6965,0.14732374158064643,21.3945,-0.07867974454643732,
size,D_trp_power_law,in_spec,20,0.75,False,0.25,,1.0,cvm_cramer_von_mises,permutation,,0.05,2000,2000,0,0,0.0505,0.00489641450451246,21.3945,3.6965,0.14732374158064643,21.3945,-0.07867974454643732,
size,E_copula_ar1_durations,in_spec,20,0.75,False,0.0,0.0,,c1_lewis_robinson,asymptotic,,0.05,2000,2000,0,0,0.063,0.005432816948876522,20.696,1.0,0.04609144542772861,20.696,-0.052349565775970455,
size,E_copula_ar1_durations,in_spec,20,0.75,False,0.0,0.0,,c1_lewis_robinson,permutation,,0.05,2000,2000,0,0,0.0455,0.004659922209651144,20.696,1.0,0.04609144542772861,20.696,-0.052349565775970455,
size,E_copula_ar1_durations,in_spec,20,0.75,False,0.0,0.0,,c2_anderson_darling,asymptotic,,0.05,2000,2000,0,0,0.068,0.005629209535982827,20.696,1.0,0.04609144542772861,20.696,-0.052349565775970455,
size,E_copula_ar1_durations,in_spec,20,0.75,False,0.0,0.0,,c2_anderson_darling,permutation,,0.05,2000,2000,0,0,0.0455,0.004659922209651144,20.696,1.0,0.04609144542772861,20.696,-0.052349565775970455,
size,E_copula_ar1_durations,in_spec,20,0.75,False,0.0,0.0,,c5_rank_autocorr,permutation,studentized,0.05,2000,2000,0,0,0.0505,0.00489641450451246,20.696,1.0,0.04609144542772861,20.696,-0.052349565775970455,
size,E_copula_ar1_durations,in_spec,20,0.75,False,0.0,0.0,,c5_rank_autocorr,permutation,unstudentized,0.05,2000,2000,0,0,0.0515,0.004942051699446294,20.696,1.0,0.04609144542772861,20.696,-0.052349565775970455,
size,E_copula_ar1_durations,in_spec,20,0.75,False,0.0,0.0,,c6_exchangeability,permutation,,0.05,2000,2000,0,0,0.044,0.0045860658521220555,20.696,1.0,0.04609144542772861,20.696,-0.052349565775970455,
size,E_copula_ar1_durations,in_spec,20,0.75,False,0.0,0.0,,cvm_cramer_von_mises,asymptotic,,0.05,2000,2000,0,0,0.058,0.0052266624149642565,20.696,1.0,0.04609144542772861,20.696,-0.052349565775970455,
size,E_copula_ar1_durations,in_spec,20,0.75,False,0.0,0.0,,cvm_cramer_von_mises,permutation,,0.05,2000,2000,0,0,0.047,0.00473238840333293,20.696,1.0,0.04609144542772861,20.696,-0.052349565775970455,
size,A_iid_weibull,in_spec,20,1.5,False,0.0,,,c1_lewis_robinson,asymptotic,,0.05,2000,2000,0,0,0.074,0.005853375094763704,19.7855,1.0,0.048110461619879245,19.7855,-0.05589123120459613,
size,A_iid_weibull,in_spec,20,1.5,False,0.0,,,c1_lewis_robinson,permutation,,0.05,2000,2000,0,0,0.0625,0.005412658773652742,19.7855,1.0,0.048110461619879245,19.7855,-0.05589123120459613,
size,A_iid_weibull,in_spec,20,1.5,False,0.0,,,c2_anderson_darling,asymptotic,,0.05,2000,2000,0,0,0.0865,0.006285608562422576,19.7855,1.0,0.048110461619879245,19.7855,-0.05589123120459613,
size,A_iid_weibull,in_spec,20,1.5,False,0.0,,,c2_anderson_darling,permutation,,0.05,2000,2000,0,0,0.0625,0.005412658773652742,19.7855,1.0,0.048110461619879245,19.7855,-0.05589123120459613,
size,A_iid_weibull,in_spec,20,1.5,False,0.0,,,c5_rank_autocorr,permutation,studentized,0.05,2000,2000,0,0,0.0475,0.004756245893559331,19.7855,1.0,0.048110461619879245,19.7855,-0.05589123120459613,
size,A_iid_weibull,in_spec,20,1.5,False,0.0,,,c5_rank_autocorr,permutation,unstudentized,0.05,2000,2000,0,0,0.0525,0.004987171041783107,19.7855,1.0,0.048110461619879245,19.7855,-0.05589123120459613,
size,A_iid_weibull,in_spec,20,1.5,False,0.0,,,c6_exchangeability,permutation,,0.05,2000,2000,0,0,0.0535,0.005031786462082826,19.7855,1.0,0.048110461619879245,19.7855,-0.05589123120459613,
size,A_iid_weibull,in_spec,20,1.5,False,0.0,,,cvm_cramer_von_mises,asymptotic,,0.05,2000,2000,0,0,0.077,0.0059611659933271445,19.7855,1.0,0.048110461619879245,19.7855,-0.05589123120459613,
size,A_iid_weibull,in_spec,20,1.5,False,0.0,,,cvm_cramer_von_mises,permutation,,0.05,2000,2000,0,0,0.061,0.005351588549206675,19.7855,1.0,0.048110461619879245,19.7855,-0.05589123120459613,
size,A_iid_weibull,in_spec,20,1.5,False,0.03,,,c1_lewis_robinson,asymptotic,,0.05,2000,2000,0,0,0.06,0.0053103672189407005,19.6525,1.0,0.0484202881007142,19.6525,-0.05955375578831944,
size,A_iid_weibull,in_spec,20,1.5,False,0.03,,,c1_lewis_robinson,permutation,,0.05,2000,2000,0,0,0.0455,0.004659922209651144,19.6525,1.0,0.0484202881007142,19.6525,-0.05955375578831944,
size,A_iid_weibull,in_spec,20,1.5,False,0.03,,,c2_anderson_darling,asymptotic,,0.05,2000,2000,0,0,0.069,0.005667406814408156,19.6525,1.0,0.0484202881007142,19.6525,-0.05955375578831944,
size,A_iid_weibull,in_spec,20,1.5,False,0.03,,,c2_anderson_darling,permutation,,0.05,2000,2000,0,0,0.048,0.0047799581588126895,19.6525,1.0,0.0484202881007142,19.6525,-0.05955375578831944,
size,A_iid_weibull,in_spec,20,1.5,False,0.03,,,c5_rank_autocorr,permutation,studentized,0.05,2000,2000,0,0,0.05,0.004873397172404482,19.6525,1.0,0.0484202881007142,19.6525,-0.05955375578831944,
size,A_iid_weibull,in_spec,20,1.5,False,0.03,,,c5_rank_autocorr,permutation,unstudentized,0.05,2000,2000,0,0,0.0575,0.005205465877325487,19.6525,1.0,0.0484202881007142,19.6525,-0.05955375578831944,
size,A_iid_weibull,in_spec,20,1.5,False,0.03,,,c6_exchangeability,permutation,,0.05,2000,2000,0,0,0.06,0.0053103672189407005,19.6525,1.0,0.0484202881007142,19.6525,-0.05955375578831944,
size,A_iid_weibull,in_spec,20,1.5,False,0.03,,,cvm_cramer_von_mises,asymptotic,,0.05,2000,2000,0,0,0.059,0.0052687284993630104,19.6525,1.0,0.0484202881007142,19.6525,-0.05955375578831944,
size,A_iid_weibull,in_spec,20,1.5,False,0.03,,,cvm_cramer_von_mises,permutation,,0.05,2000,2000,0,0,0.048,0.0047799581588126895,19.6525,1.0,0.0484202881007142,19.6525,-0.05955375578831944,
size,A_iid_weibull,in_spec,20,1.5,False,0.25,,,c1_lewis_robinson,asymptotic,,0.05,2000,2000,0,0,0.188,0.008736589723685096,18.883,3.973,0.17382744137206863,18.883,-0.06621990624998293,
size,A_iid_weibull,in_spec,20,1.5,False,0.25,,,c1_lewis_robinson,permutation,,0.05,2000,2000,0,0,0.051,0.004919298730510275,18.883,3.973,0.17382744137206863,18.883,-0.06621990624998293,
size,A_iid_weibull,in_spec,20,1.5,False,0.25,,,c2_anderson_darling,permutation,,0.05,2000,2000,0,0,0.061,0.005351588549206675,18.883,3.973,0.17382744137206863,18.883,-0.06621990624998293,
size,A_iid_weibull,in_spec,20,1.5,False,0.25,,,c5_rank_autocorr,permutation,studentized,0.05,2000,2000,0,0,0.051,0.004919298730510275,18.883,3.973,0.17382744137206863,18.883,-0.06621990624998293,
size,A_iid_weibull,in_spec,20,1.5,False,0.25,,,c5_rank_autocorr,permutation,unstudentized,0.05,2000,2000,0,0,0.0545,0.005075911248239078,18.883,3.973,0.17382744137206863,18.883,-0.06621990624998293,
size,A_iid_weibull,in_spec,20,1.5,False,0.25,,,c6_exchangeability,permutation,,0.05,2000,2000,0,0,0.0495,0.004850244839180801,18.883,3.973,0.17382744137206863,18.883,-0.06621990624998293,
size,A_iid_weibull,in_spec,20,1.5,False,0.25,,,cvm_cramer_von_mises,permutation,,0.05,2000,2000,0,0,0.055,0.005097793640389928,18.883,3.973,0.17382744137206863,18.883,-0.06621990624998293,
size,A_iid_weibull,in_spec,20,1.5,True,0.0,,,c1_lewis_robinson,asymptotic,,0.05,2000,2000,0,0,0.077,0.0059611659933271445,17.005,1.0,0.05554012774229381,6.5245,-0.05654359566473923,
size,A_iid_weibull,in_spec,20,1.5,True,0.0,,,c1_lewis_robinson,permutation,,0.05,2000,2000,0,0,0.0555,0.005119558086397693,17.005,1.0,0.05554012774229381,6.5245,-0.05654359566473923,
size,A_iid_weibull,in_spec,20,1.5,True,0.0,,,c2_anderson_darling,asymptotic,,0.05,2000,2000,0,0,0.095,0.006556485338960197,17.005,1.0,0.05554012774229381,6.5245,-0.05654359566473923,
size,A_iid_weibull,in_spec,20,1.5,True,0.0,,,c2_anderson_darling,permutation,,0.05,2000,2000,0,0,0.052,0.004964675215963275,17.005,1.0,0.05554012774229381,6.5245,-0.05654359566473923,
size,A_iid_weibull,in_spec,20,1.5,True,0.0,,,c5_rank_autocorr,permutation,studentized,0.05,2000,2000,0,0,0.058,0.0052266624149642565,17.005,1.0,0.05554012774229381,6.5245,-0.05654359566473923,
size,A_iid_weibull,in_spec,20,1.5,True,0.0,,,c5_rank_autocorr,permutation,unstudentized,0.05,2000,2000,0,0,0.0525,0.004987171041783107,17.005,1.0,0.05554012774229381,6.5245,-0.05654359566473923,
size,A_iid_weibull,in_spec,20,1.5,True,0.0,,,c6_exchangeability,permutation,,0.05,2000,2000,0,0,0.0495,0.004850244839180801,17.005,1.0,0.05554012774229381,6.5245,-0.05654359566473923,
size,A_iid_weibull,in_spec,20,1.5,True,0.0,,,cvm_cramer_von_mises,asymptotic,,0.05,2000,2000,0,0,0.0805,0.006083574196144894,17.005,1.0,0.05554012774229381,6.5245,-0.05654359566473923,
size,A_iid_weibull,in_spec,20,1.5,True,0.0,,,cvm_cramer_von_mises,permutation,,0.05,2000,2000,0,0,0.054,0.005053909377897471,17.005,1.0,0.05554012774229381,6.5245,-0.05654359566473923,
size,A_iid_weibull,in_spec,20,1.5,True,0.03,,,c1_lewis_robinson,asymptotic,,0.05,2000,2000,0,0,0.077,0.0059611659933271445,16.928,1.0,0.05577867023650156,6.525,-0.06472125378365746,
size,A_iid_weibull,in_spec,20,1.5,True,0.03,,,c1_lewis_robinson,permutation,,0.05,2000,2000,0,0,0.0505,0.00489641450451246,16.928,1.0,0.05577867023650156,6.525,-0.06472125378365746,
size,A_iid_weibull,in_spec,20,1.5,True,0.03,,,c2_anderson_darling,asymptotic,,0.05,2000,2000,0,0,0.0975,0.006633014020790247,16.928,1.0,0.05577867023650156,6.525,-0.06472125378365746,
size,A_iid_weibull,in_spec,20,1.5,True,0.03,,,c2_anderson_darling,permutation,,0.05,2000,2000,0,0,0.0505,0.00489641450451246,16.928,1.0,0.05577867023650156,6.525,-0.06472125378365746,
size,A_iid_weibull,in_spec,20,1.5,True,0.03,,,c5_rank_autocorr,permutation,studentized,0.05,2000,2000,0,0,0.0505,0.00489641450451246,16.928,1.0,0.05577867023650156,6.525,-0.06472125378365746,
size,A_iid_weibull,in_spec,20,1.5,True,0.03,,,c5_rank_autocorr,permutation,unstudentized,0.05,2000,2000,0,0,0.0535,0.005031786462082826,16.928,1.0,0.05577867023650156,6.525,-0.06472125378365746,
size,A_iid_weibull,in_spec,20,1.5,True,0.03,,,c6_exchangeability,permutation,,0.05,2000,2000,0,0,0.048,0.0047799581588126895,16.928,1.0,0.05577867023650156,6.525,-0.06472125378365746,
size,A_iid_weibull,in_spec,20,1.5,True,0.03,,,cvm_cramer_von_mises,asymptotic,,0.05,2000,2000,0,0,0.075,0.005889609494694873,16.928,1.0,0.05577867023650156,6.525,-0.06472125378365746,
size,A_iid_weibull,in_spec,20,1.5,True,0.03,,,cvm_cramer_von_mises,permutation,,0.05,2000,2000,0,0,0.0515,0.004942051699446294,16.928,1.0,0.05577867023650156,6.525,-0.06472125378365746,
size,A_iid_weibull,in_spec,20,1.5,True,0.25,,,c1_lewis_robinson,asymptotic,,0.05,2000,1891,109,0,0.26916975145425703,0.010199423370961289,16.394500264410365,3.9672131147540983,0.19483690006233118,6.140666314119514,-0.06721051250240927,"ValueError: gamma_hat is zero: every gap is identical, so the statistic it scales is undefined. A fully quantised duration vector (every window one read long) r"
size,A_iid_weibull,in_spec,20,1.5,True,0.25,,,c1_lewis_robinson,permutation,,0.05,2000,1891,109,0,0.05446853516657853,0.0052187329783386326,16.394500264410365,3.9672131147540983,0.19483690006233118,6.140666314119514,-0.06721051250240927,"ValueError: gamma_hat is zero: every gap is identical, so the statistic it scales is undefined. A fully quantised duration vector (every window one read long) r"
size,A_iid_weibull,in_spec,20,1.5,True,0.25,,,c2_anderson_darling,permutation,,0.05,2000,1891,109,0,0.046536224219989424,0.004843975146199074,16.394500264410365,3.9672131147540983,0.19483690006233118,6.140666314119514,-0.06721051250240927,"ValueError: gamma_hat is zero: every gap is identical, so the statistic it scales is undefined. A fully quantised duration vector (every window one read long) r"
size,A_iid_weibull,in_spec,20,1.5,True,0.25,,,c5_rank_autocorr,permutation,studentized,0.05,2000,1891,109,0,0.048122686409307246,0.004921751195379746,16.394500264410365,3.9672131147540983,0.19483690006233118,6.140666314119514,-0.06721051250240927,"ValueError: gamma_hat is zero: every gap is identical, so the statistic it scales is undefined. A fully quantised duration vector (every window one read long) r"
size,A_iid_weibull,in_spec,20,1.5,True,0.25,,,c5_rank_autocorr,permutation,unstudentized,0.05,2000,1891,109,0,0.05711263881544157,0.005336423107545827,16.394500264410365,3.9672131147540983,0.19483690006233118,6.140666314119514,-0.06721051250240927,"ValueError: gamma_hat is zero: every gap is identical, so the statistic it scales is undefined. A fully quantised duration vector (every window one read long) r"
size,A_iid_weibull,in_spec,20,1.5,True,0.25,,,c6_exchangeability,permutation,,0.05,2000,1891,109,0,0.05446853516657853,0.0052187329783386326,16.394500264410365,3.9672131147540983,0.19483690006233118,6.140666314119514,-0.06721051250240927,"ValueError: gamma_hat is zero: every gap is identical, so the statistic it scales is undefined. A fully quantised duration vector (every window one read long) r"
size,A_iid_weibull,in_spec,20,1.5,True,0.25,,,cvm_cramer_von_mises,permutation,,0.05,2000,1891,109,0,0.04706504494976203,0.00487006887616735,16.394500264410365,3.9672131147540983,0.19483690006233118,6.140666314119514,-0.06721051250240927,"ValueError: gamma_hat is zero: every gap is identical, so the statistic it scales is undefined. A fully quantised duration vector (every window one read long) r"
size,D_trp_power_law,in_spec,20,1.5,False,0.0,,1.0,c1_lewis_robinson,asymptotic,,0.05,2000,2000,0,0,0.067,0.005590661857061291,19.811,1.0,0.04805151122002787,19.811,-0.052646301542836886,
size,D_trp_power_law,in_spec,20,1.5,False,0.0,,1.0,c1_lewis_robinson,permutation,,0.05,2000,2000,0,0,0.0515,0.004942051699446294,19.811,1.0,0.04805151122002787,19.811,-0.052646301542836886,
size,D_trp_power_law,in_spec,20,1.5,False,0.0,,1.0,c2_anderson_darling,asymptotic,,0.05,2000,2000,0,0,0.069,0.005667406814408156,19.811,1.0,0.04805151122002787,19.811,-0.052646301542836886,
size,D_trp_power_law,in_spec,20,1.5,False,0.0,,1.0,c2_anderson_darling,permutation,,0.05,2000,2000,0,0,0.05,0.004873397172404482,19.811,1.0,0.04805151122002787,19.811,-0.052646301542836886,
size,D_trp_power_law,in_spec,20,1.5,False,0.0,,1.0,c5_rank_autocorr,permutation,studentized,0.05,2000,2000,0,0,0.0485,0.004803527349771208,19.811,1.0,0.04805151122002787,19.811,-0.052646301542836886,
size,D_trp_power_law,in_spec,20,1.5,False,0.0,,1.0,c5_rank_autocorr,permutation,unstudentized,0.05,2000,2000,0,0,0.042,0.004485309353879618,19.811,1.0,0.04805151122002787,19.811,-0.052646301542836886,
size,D_trp_power_law,in_spec,20,1.5,False,0.0,,1.0,c6_exchangeability,permutation,,0.05,2000,2000,0,0,0.047,0.00473238840333293,19.811,1.0,0.04805151122002787,19.811,-0.052646301542836886,
size,D_trp_power_law,in_spec,20,1.5,False,0.0,,1.0,cvm_cramer_von_mises,asymptotic,,0.05,2000,2000,0,0,0.0615,0.005372045699731156,19.811,1.0,0.04805151122002787,19.811,-0.052646301542836886,
size,D_trp_power_law,in_spec,20,1.5,False,0.0,,1.0,cvm_cramer_von_mises,permutation,,0.05,2000,2000,0,0,0.0495,0.004850244839180801,19.811,1.0,0.04805151122002787,19.811,-0.052646301542836886,
size,D_trp_power_law,in_spec,20,1.5,False,0.03,,1.0,c1_lewis_robinson,asymptotic,,0.05,2000,2000,0,0,0.068,0.005629209535982827,19.7755,1.0,0.04813361892613896,19.7755,-0.05648624210567365,
size,D_trp_power_law,in_spec,20,1.5,False,0.03,,1.0,c1_lewis_robinson,permutation,,0.05,2000,2000,0,0,0.054,0.005053909377897471,19.7755,1.0,0.04813361892613896,19.7755,-0.05648624210567365,
size,D_trp_power_law,in_spec,20,1.5,False,0.03,,1.0,c2_anderson_darling,asymptotic,,0.05,2000,2000,0,0,0.0775,0.005978869040211535,19.7755,1.0,0.04813361892613896,19.7755,-0.05648624210567365,
size,D_trp_power_law,in_spec,20,1.5,False,0.03,,1.0,c2_anderson_darling,permutation,,0.05,2000,2000,0,0,0.0515,0.004942051699446294,19.7755,1.0,0.04813361892613896,19.7755,-0.05648624210567365,
size,D_trp_power_law,in_spec,20,1.5,False,0.03,,1.0,c5_rank_autocorr,permutation,studentized,0.05,2000,2000,0,0,0.0445,0.004610843198374892,19.7755,1.0,0.04813361892613896,19.7755,-0.05648624210567365,
size,D_trp_power_law,in_spec,20,1.5,False,0.03,,1.0,c5_rank_autocorr,permutation,unstudentized,0.05,2000,2000,0,0,0.0445,0.004610843198374892,19.7755,1.0,0.04813361892613896,19.7755,-0.05648624210567365,
size,D_trp_power_law,in_spec,20,1.5,False,0.03,,1.0,c6_exchangeability,permutation,,0.05,2000,2000,0,0,0.0455,0.004659922209651144,19.7755,1.0,0.04813361892613896,19.7755,-0.05648624210567365,
size,D_trp_power_law,in_spec,20,1.5,False,0.03,,1.0,cvm_cramer_von_mises,asymptotic,,0.05,2000,2000,0,0,0.067,0.005590661857061291,19.7755,1.0,0.04813361892613896,19.7755,-0.05648624210567365,
size,D_trp_power_law,in_spec,20,1.5,False,0.03,,1.0,cvm_cramer_von_mises,permutation,,0.05,2000,2000,0,0,0.054,0.005053909377897471,19.7755,1.0,0.04813361892613896,19.7755,-0.05648624210567365,
size,D_trp_power_law,in_spec,20,1.5,False,0.25,,1.0,c1_lewis_robinson,asymptotic,,0.05,2000,2000,0,0,0.1735,0.008467518821945422,18.924,3.975,0.17358836630420543,18.924,-0.06136656652207181,
size,D_trp_power_law,in_spec,20,1.5,False,0.25,,1.0,c1_lewis_robinson,permutation,,0.05,2000,2000,0,0,0.0535,0.005031786462082826,18.924,3.975,0.17358836630420543,18.924,-0.06136656652207181,
size,D_trp_power_law,in_spec,20,1.5,False,0.25,,1.0,c2_anderson_darling,permutation,,0.05,2000,2000,0,0,0.0525,0.004987171041783107,18.924,3.975,0.17358836630420543,18.924,-0.06136656652207181,
size,D_trp_power_law,in_spec,20,1.5,False,0.25,,1.0,c5_rank_autocorr,permutation,studentized,0.05,2000,2000,0,0,0.056,0.005141206084179081,18.924,3.975,0.17358836630420543,18.924,-0.06136656652207181,
size,D_trp_power_law,in_spec,20,1.5,False,0.25,,1.0,c5_rank_autocorr,permutation,unstudentized,0.05,2000,2000,0,0,0.056,0.005141206084179081,18.924,3.975,0.17358836630420543,18.924,-0.06136656652207181,
size,D_trp_power_law,in_spec,20,1.5,False,0.25,,1.0,c6_exchangeability,permutation,,0.05,2000,2000,0,0,0.0565,0.005162739098579358,18.924,3.975,0.17358836630420543,18.924,-0.06136656652207181,
size,D_trp_power_law,in_spec,20,1.5,False,0.25,,1.0,cvm_cramer_von_mises,permutation,,0.05,2000,2000,0,0,0.0555,0.005119558086397693,18.924,3.975,0.17358836630420543,18.924,-0.06136656652207181,
size,E_copula_ar1_durations,in_spec,20,1.5,False,0.0,0.0,,c1_lewis_robinson,asymptotic,,0.05,2000,2000,0,0,0.071,0.005742778073371807,19.6615,1.0,0.04839919657333688,19.6615,-0.05787628385259323,
size,E_copula_ar1_durations,in_spec,20,1.5,False,0.0,0.0,,c1_lewis_robinson,permutation,,0.05,2000,2000,0,0,0.049,0.0048269555622566076,19.6615,1.0,0.04839919657333688,19.6615,-0.05787628385259323,
size,E_copula_ar1_durations,in_spec,20,1.5,False,0.0,0.0,,c2_anderson_darling,asymptotic,,0.05,2000,2000,0,0,0.0835,0.006185780063985464,19.6615,1.0,0.04839919657333688,19.6615,-0.05787628385259323,
size,E_copula_ar1_durations,in_spec,20,1.5,False,0.0,0.0,,c2_anderson_darling,permutation,,0.05,2000,2000,0,0,0.0475,0.004756245893559331,19.6615,1.0,0.04839919657333688,19.6615,-0.05787628385259323,
size,E_copula_ar1_durations,in_spec,20,1.5,False,0.0,0.0,,c5_rank_autocorr,permutation,studentized,0.05,2000,2000,0,0,0.054,0.005053909377897471,19.6615,1.0,0.04839919657333688,19.6615,-0.05787628385259323,
size,E_copula_ar1_durations,in_spec,20,1.5,False,0.0,0.0,,c5_rank_autocorr,permutation,unstudentized,0.05,2000,2000,0,0,0.0495,0.004850244839180801,19.6615,1.0,0.04839919657333688,19.6615,-0.05787628385259323,
size,E_copula_ar1_durations,in_spec,20,1.5,False,0.0,0.0,,c6_exchangeability,permutation,,0.05,2000,2000,0,0,0.0525,0.004987171041783107,19.6615,1.0,0.04839919657333688,19.6615,-0.05787628385259323,
size,E_copula_ar1_durations,in_spec,20,1.5,False,0.0,0.0,,cvm_cramer_von_mises,asymptotic,,0.05,2000,2000,0,0,0.0645,0.005492711079239468,19.6615,1.0,0.04839919657333688,19.6615,-0.05787628385259323,
size,E_copula_ar1_durations,in_spec,20,1.5,False,0.0,0.0,,cvm_cramer_von_mises,permutation,,0.05,2000,2000,0,0,0.0475,0.004756245893559331,19.6615,1.0,0.04839919657333688,19.6615,-0.05787628385259323,
size,B_iid_reads_carved,calendar,20,,False,0.0,,,c1_lewis_robinson,asymptotic,,0.05,2000,2000,0,0,0.0655,0.005532167296819575,21.5345,1.0,0.044376400630144884,6.3285,-0.043536915208396906,
size,B_iid_reads_carved,calendar,20,,False,0.0,,,c1_lewis_robinson,permutation,,0.05,2000,2000,0,0,0.045,0.004635461142108733,21.5345,1.0,0.044376400630144884,6.3285,-0.043536915208396906,
size,B_iid_reads_carved,calendar,20,,False,0.0,,,c2_anderson_darling,asymptotic,,0.05,2000,2000,0,0,0.101,0.006737915107805975,21.5345,1.0,0.044376400630144884,6.3285,-0.043536915208396906,
size,B_iid_reads_carved,calendar,20,,False,0.0,,,c2_anderson_darling,permutation,,0.05,2000,2000,0,0,0.0495,0.004850244839180801,21.5345,1.0,0.044376400630144884,6.3285,-0.043536915208396906,
size,B_iid_reads_carved,calendar,20,,False,0.0,,,c5_rank_autocorr,permutation,studentized,0.05,2000,2000,0,0,0.0465,0.004708383480558906,21.5345,1.0,0.044376400630144884,6.3285,-0.043536915208396906,
size,B_iid_reads_carved,calendar,20,,False,0.0,,,c5_rank_autocorr,permutation,unstudentized,0.05,2000,2000,0,0,0.0475,0.004756245893559331,21.5345,1.0,0.044376400630144884,6.3285,-0.043536915208396906,
size,B_iid_reads_carved,calendar,20,,False,0.0,,,c6_exchangeability,permutation,,0.05,2000,2000,0,0,0.049,0.0048269555622566076,21.5345,1.0,0.044376400630144884,6.3285,-0.043536915208396906,
size,B_iid_reads_carved,calendar,20,,False,0.0,,,cvm_cramer_von_mises,asymptotic,,0.05,2000,2000,0,0,0.0745,0.005871530890662162,21.5345,1.0,0.044376400630144884,6.3285,-0.043536915208396906,
size,B_iid_reads_carved,calendar,20,,False,0.0,,,cvm_cramer_von_mises,permutation,,0.05,2000,2000,0,0,0.0465,0.004708383480558906,21.5345,1.0,0.044376400630144884,6.3285,-0.043536915208396906,
size,B_iid_reads_carved,in_spec,20,,False,0.0,,,c5_rank_autocorr,permutation,studentized,0.05,2000,2000,0,0,0.0465,0.004708383480558906,22.0125,1.0,0.043454644215100494,4.771,-0.03429663633145195,
size,B_iid_reads_carved,in_spec,20,,False,0.0,,,c5_rank_autocorr,permutation,unstudentized,0.05,2000,2000,0,0,0.0505,0.00489641450451246,22.0125,1.0,0.043454644215100494,4.771,-0.03429663633145195,
size,B_iid_reads_carved,in_spec,20,,False,0.0,,,c6_exchangeability,permutation,,0.05,2000,2000,0,0,0.0495,0.004850244839180801,22.0125,1.0,0.043454644215100494,4.771,-0.03429663633145195,
size,B_iid_reads_carved,in_spec,20,,False,0.0,,,cvm_cramer_von_mises,permutation,,0.05,2000,2000,0,0,0.0515,0.004942051699446294,22.0125,1.0,0.043454644215100494,4.771,-0.03429663633145195,
size,C_ar1_reads_carved,calendar,20,,False,0.0,0.0,,c1_lewis_robinson,asymptotic,,0.05,2000,2000,0,0,0.0705,0.0057240610583745525,21.5075,1.0,0.04442963456625569,6.342,-0.04533918186692845,
size,C_ar1_reads_carved,calendar,20,,False,0.0,0.0,,c1_lewis_robinson,permutation,,0.05,2000,2000,0,0,0.0435,0.004561126505590478,21.5075,1.0,0.04442963456625569,6.342,-0.04533918186692845,
size,C_ar1_reads_carved,calendar,20,,False,0.0,0.0,,c2_anderson_darling,asymptotic,,0.05,2000,2000,0,0,0.097,0.006617816860566633,21.5075,1.0,0.04442963456625569,6.342,-0.04533918186692845,
size,C_ar1_reads_carved,calendar,20,,False,0.0,0.0,,c2_anderson_darling,permutation,,0.05,2000,2000,0,0,0.0465,0.004708383480558906,21.5075,1.0,0.04442963456625569,6.342,-0.04533918186692845,
size,C_ar1_reads_carved,calendar,20,,False,0.0,0.0,,c5_rank_autocorr,permutation,studentized,0.05,2000,2000,0,0,0.0505,0.00489641450451246,21.5075,1.0,0.04442963456625569,6.342,-0.04533918186692845,
size,C_ar1_reads_carved,calendar,20,,False,0.0,0.0,,c5_rank_autocorr,permutation,unstudentized,0.05,2000,2000,0,0,0.0495,0.004850244839180801,21.5075,1.0,0.04442963456625569,6.342,-0.04533918186692845,
size,C_ar1_reads_carved,calendar,20,,False,0.0,0.0,,c6_exchangeability,permutation,,0.05,2000,2000,0,0,0.059,0.0052687284993630104,21.5075,1.0,0.04442963456625569,6.342,-0.04533918186692845,
size,C_ar1_reads_carved,calendar,20,,False,0.0,0.0,,cvm_cramer_von_mises,asymptotic,,0.05,2000,2000,0,0,0.074,0.005853375094763704,21.5075,1.0,0.04442963456625569,6.342,-0.04533918186692845,
size,C_ar1_reads_carved,calendar,20,,False,0.0,0.0,,cvm_cramer_von_mises,permutation,,0.05,2000,2000,0,0,0.0475,0.004756245893559331,21.5075,1.0,0.04442963456625569,6.342,-0.04533918186692845,
size,C_ar1_reads_carved,in_spec,20,,False,0.0,0.0,,c5_rank_autocorr,permutation,studentized,0.05,2000,2000,0,0,0.0505,0.00489641450451246,21.9965,1.0,0.04348487813362903,4.7705,-0.04793805200290182,
size,C_ar1_reads_carved,in_spec,20,,False,0.0,0.0,,c5_rank_autocorr,permutation,unstudentized,0.05,2000,2000,0,0,0.052,0.004964675215963275,21.9965,1.0,0.04348487813362903,4.7705,-0.04793805200290182,
size,C_ar1_reads_carved,in_spec,20,,False,0.0,0.0,,c6_exchangeability,permutation,,0.05,2000,2000,0,0,0.047,0.00473238840333293,21.9965,1.0,0.04348487813362903,4.7705,-0.04793805200290182,
size,C_ar1_reads_carved,in_spec,20,,False,0.0,0.0,,cvm_cramer_von_mises,permutation,,0.05,2000,2000,0,0,0.0465,0.004708383480558906,21.9965,1.0,0.04348487813362903,4.7705,-0.04793805200290182,
size,A_iid_weibull,in_spec,35,0.75,False,0.0,,,c1_lewis_robinson,asymptotic,,0.05,2000,2000,0,0,0.054,0.005053909377897471,35.458,1.0,0.02742882220637446,35.458,-0.026081497518058328,
size,A_iid_weibull,in_spec,35,0.75,False,0.0,,,c1_lewis_robinson,permutation,,0.05,2000,2000,0,0,0.046,0.00468422885862764,35.458,1.0,0.02742882220637446,35.458,-0.026081497518058328,
size,A_iid_weibull,in_spec,35,0.75,False,0.0,,,c2_anderson_darling,asymptotic,,0.05,2000,2000,0,0,0.056,0.005141206084179081,35.458,1.0,0.02742882220637446,35.458,-0.026081497518058328,
size,A_iid_weibull,in_spec,35,0.75,False,0.0,,,c2_anderson_darling,permutation,,0.05,2000,2000,0,0,0.0445,0.004610843198374892,35.458,1.0,0.02742882220637446,35.458,-0.026081497518058328,
size,A_iid_weibull,in_spec,35,0.75,False,0.0,,,c5_rank_autocorr,permutation,studentized,0.05,2000,2000,0,0,0.05,0.004873397172404482,35.458,1.0,0.02742882220637446,35.458,-0.026081497518058328,
size,A_iid_weibull,in_spec,35,0.75,False,0.0,,,c5_rank_autocorr,permutation,unstudentized,0.05,2000,2000,0,0,0.05,0.004873397172404482,35.458,1.0,0.02742882220637446,35.458,-0.026081497518058328,
size,A_iid_weibull,in_spec,35,0.75,False,0.0,,,c6_exchangeability,permutation,,0.05,2000,2000,0,0,0.0455,0.004659922209651144,35.458,1.0,0.02742882220637446,35.458,-0.026081497518058328,
size,A_iid_weibull,in_spec,35,0.75,False,0.0,,,cvm_cramer_von_mises,asymptotic,,0.05,2000,2000,0,0,0.049,0.0048269555622566076,35.458,1.0,0.02742882220637446,35.458,-0.026081497518058328,
size,A_iid_weibull,in_spec,35,0.75,False,0.0,,,cvm_cramer_von_mises,permutation,,0.05,2000,2000,0,0,0.0445,0.004610843198374892,35.458,1.0,0.02742882220637446,35.458,-0.026081497518058328,
size,A_iid_weibull,in_spec,35,0.75,False,0.03,,,c1_lewis_robinson,asymptotic,,0.05,2000,2000,0,0,0.062,0.005392402062161166,35.286,1.0,0.027558838119384886,35.286,-0.022900834676994494,
size,A_iid_weibull,in_spec,35,0.75,False,0.03,,,c1_lewis_robinson,permutation,,0.05,2000,2000,0,0,0.047,0.00473238840333293,35.286,1.0,0.027558838119384886,35.286,-0.022900834676994494,
size,A_iid_weibull,in_spec,35,0.75,False,0.03,,,c2_anderson_darling,asymptotic,,0.05,2000,2000,0,0,0.0625,0.005412658773652742,35.286,1.0,0.027558838119384886,35.286,-0.022900834676994494,
size,A_iid_weibull,in_spec,35,0.75,False,0.03,,,c2_anderson_darling,permutation,,0.05,2000,2000,0,0,0.0455,0.004659922209651144,35.286,1.0,0.027558838119384886,35.286,-0.022900834676994494,
size,A_iid_weibull,in_spec,35,0.75,False,0.03,,,c5_rank_autocorr,permutation,studentized,0.05,2000,2000,0,0,0.0545,0.005075911248239078,35.286,1.0,0.027558838119384886,35.286,-0.022900834676994494,
size,A_iid_weibull,in_spec,35,0.75,False,0.03,,,c5_rank_autocorr,permutation,unstudentized,0.05,2000,2000,0,0,0.0585,0.0052477495176503994,35.286,1.0,0.027558838119384886,35.286,-0.022900834676994494,
size,A_iid_weibull,in_spec,35,0.75,False,0.03,,,c6_exchangeability,permutation,,0.05,2000,2000,0,0,0.059,0.0052687284993630104,35.286,1.0,0.027558838119384886,35.286,-0.022900834676994494,
size,A_iid_weibull,in_spec,35,0.75,False,0.03,,,cvm_cramer_von_mises,asymptotic,,0.05,2000,2000,0,0,0.059,0.0052687284993630104,35.286,1.0,0.027558838119384886,35.286,-0.022900834676994494,
size,A_iid_weibull,in_spec,35,0.75,False,0.03,,,cvm_cramer_von_mises,permutation,,0.05,2000,2000,0,0,0.0495,0.004850244839180801,35.286,1.0,0.027558838119384886,35.286,-0.022900834676994494,
size,A_iid_weibull,in_spec,35,0.75,False,0.25,,,c1_lewis_robinson,asymptotic,,0.05,2000,2000,0,0,0.147,0.007918049002121673,37.583,6.4775,0.14701376516380887,37.583,-0.05305335755813353,
size,A_iid_weibull,in_spec,35,0.75,False,0.25,,,c1_lewis_robinson,permutation,,0.05,2000,2000,0,0,0.052,0.004964675215963275,37.583,6.4775,0.14701376516380887,37.583,-0.05305335755813353,
size,A_iid_weibull,in_spec,35,0.75,False,0.25,,,c2_anderson_darling,permutation,,0.05,2000,2000,0,0,0.043,0.004536022486716748,37.583,6.4775,0.14701376516380887,37.583,-0.05305335755813353,
size,A_iid_weibull,in_spec,35,0.75,False,0.25,,,c5_rank_autocorr,permutation,studentized,0.05,2000,2000,0,0,0.038,0.004275277768753745,37.583,6.4775,0.14701376516380887,37.583,-0.05305335755813353,
size,A_iid_weibull,in_spec,35,0.75,False,0.25,,,c5_rank_autocorr,permutation,unstudentized,0.05,2000,2000,0,0,0.045,0.004635461142108733,37.583,6.4775,0.14701376516380887,37.583,-0.05305335755813353,
size,A_iid_weibull,in_spec,35,0.75,False,0.25,,,c6_exchangeability,permutation,,0.05,2000,2000,0,0,0.0495,0.004850244839180801,37.583,6.4775,0.14701376516380887,37.583,-0.05305335755813353,
size,A_iid_weibull,in_spec,35,0.75,False,0.25,,,cvm_cramer_von_mises,permutation,,0.05,2000,2000,0,0,0.043,0.004536022486716748,37.583,6.4775,0.14701376516380887,37.583,-0.05305335755813353,
size,A_iid_weibull,in_spec,35,0.75,True,0.0,,,c1_lewis_robinson,asymptotic,,0.05,2000,2000,0,0,0.061,0.005351588549206675,29.656,1.0,0.03262004175365345,8.6775,-0.03078045426197795,
size,A_iid_weibull,in_spec,35,0.75,True,0.0,,,c1_lewis_robinson,permutation,,0.05,2000,2000,0,0,0.0465,0.004708383480558906,29.656,1.0,0.03262004175365345,8.6775,-0.03078045426197795,
size,A_iid_weibull,in_spec,35,0.75,True,0.0,,,c2_anderson_darling,asymptotic,,0.05,2000,2000,0,0,0.0545,0.005075911248239078,29.656,1.0,0.03262004175365345,8.6775,-0.03078045426197795,
size,A_iid_weibull,in_spec,35,0.75,True,0.0,,,c2_anderson_darling,permutation,,0.05,2000,2000,0,0,0.047,0.00473238840333293,29.656,1.0,0.03262004175365345,8.6775,-0.03078045426197795,
size,A_iid_weibull,in_spec,35,0.75,True,0.0,,,c5_rank_autocorr,permutation,studentized,0.05,2000,2000,0,0,0.045,0.004635461142108733,29.656,1.0,0.03262004175365345,8.6775,-0.03078045426197795,
size,A_iid_weibull,in_spec,35,0.75,True,0.0,,,c5_rank_autocorr,permutation,unstudentized,0.05,2000,2000,0,0,0.044,0.0045860658521220555,29.656,1.0,0.03262004175365345,8.6775,-0.03078045426197795,
size,A_iid_weibull,in_spec,35,0.75,True,0.0,,,c6_exchangeability,permutation,,0.05,2000,2000,0,0,0.0475,0.004756245893559331,29.656,1.0,0.03262004175365345,8.6775,-0.03078045426197795,
size,A_iid_weibull,in_spec,35,0.75,True,0.0,,,cvm_cramer_von_mises,asymptotic,,0.05,2000,2000,0,0,0.061,0.005351588549206675,29.656,1.0,0.03262004175365345,8.6775,-0.03078045426197795,
size,A_iid_weibull,in_spec,35,0.75,True,0.0,,,cvm_cramer_von_mises,permutation,,0.05,2000,2000,0,0,0.0465,0.004708383480558906,29.656,1.0,0.03262004175365345,8.6775,-0.03078045426197795,
size,A_iid_weibull,in_spec,35,0.75,True,0.03,,,c1_lewis_robinson,asymptotic,,0.05,2000,2000,0,0,0.0595,0.005289600646551685,29.688,1.0,0.03258602711157456,8.705,-0.035192609483487014,
size,A_iid_weibull,in_spec,35,0.75,True,0.03,,,c1_lewis_robinson,permutation,,0.05,2000,2000,0,0,0.0465,0.004708383480558906,29.688,1.0,0.03258602711157456,8.705,-0.035192609483487014,
size,A_iid_weibull,in_spec,35,0.75,True,0.03,,,c2_anderson_darling,asymptotic,,0.05,2000,2000,0,0,0.056,0.005141206084179081,29.688,1.0,0.03258602711157456,8.705,-0.035192609483487014,
size,A_iid_weibull,in_spec,35,0.75,True,0.03,,,c2_anderson_darling,permutation,,0.05,2000,2000,0,0,0.0445,0.004610843198374892,29.688,1.0,0.03258602711157456,8.705,-0.035192609483487014,
size,A_iid_weibull,in_spec,35,0.75,True,0.03,,,c5_rank_autocorr,permutation,studentized,0.05,2000,2000,0,0,0.048,0.0047799581588126895,29.688,1.0,0.03258602711157456,8.705,-0.035192609483487014,
size,A_iid_weibull,in_spec,35,0.75,True,0.03,,,c5_rank_autocorr,permutation,unstudentized,0.05,2000,2000,0,0,0.0485,0.004803527349771208,29.688,1.0,0.03258602711157456,8.705,-0.035192609483487014,
size,A_iid_weibull,in_spec,35,0.75,True,0.03,,,c6_exchangeability,permutation,,0.05,2000,2000,0,0,0.061,0.005351588549206675,29.688,1.0,0.03258602711157456,8.705,-0.035192609483487014,
size,A_iid_weibull,in_spec,35,0.75,True,0.03,,,cvm_cramer_von_mises,asymptotic,,0.05,2000,2000,0,0,0.0575,0.005205465877325487,29.688,1.0,0.03258602711157456,8.705,-0.035192609483487014,
size,A_iid_weibull,in_spec,35,0.75,True,0.03,,,cvm_cramer_von_mises,permutation,,0.05,2000,2000,0,0,0.0425,0.0045107510461119445,29.688,1.0,0.03258602711157456,8.705,-0.035192609483487014,
size,A_iid_weibull,in_spec,35,0.75,True,0.25,,,c1_lewis_robinson,asymptotic,,0.05,2000,1785,215,0,0.16246498599439776,0.008730965348786004,31.0515406162465,6.42296918767507,0.17139568259283622,7.194397759103642,-0.07052851759714061,"ValueError: gamma_hat is zero: every gap is identical, so the statistic it scales is undefined. A fully quantised duration vector (every window one read long) r"
size,A_iid_weibull,in_spec,35,0.75,True,0.25,,,c1_lewis_robinson,permutation,,0.05,2000,1785,215,0,0.04929971988795518,0.005124186483601579,31.0515406162465,6.42296918767507,0.17139568259283622,7.194397759103642,-0.07052851759714061,"ValueError: gamma_hat is zero: every gap is identical, so the statistic it scales is undefined. A fully quantised duration vector (every window one read long) r"
size,A_iid_weibull,in_spec,35,0.75,True,0.25,,,c2_anderson_darling,permutation,,0.05,2000,1785,215,0,0.047619047619047616,0.005040534514523458,31.0515406162465,6.42296918767507,0.17139568259283622,7.194397759103642,-0.07052851759714061,"ValueError: gamma_hat is zero: every gap is identical, so the statistic it scales is undefined. A fully quantised duration vector (every window one read long) r"
size,A_iid_weibull,in_spec,35,0.75,True,0.25,,,c5_rank_autocorr,permutation,studentized,0.05,2000,1785,215,0,0.05266106442577031,0.005286623716413348,31.0515406162465,6.42296918767507,0.17139568259283622,7.194397759103642,-0.07052851759714061,"ValueError: gamma_hat is zero: every gap is identical, so the statistic it scales is undefined. A fully quantised duration vector (every window one read long) r"
size,A_iid_weibull,in_spec,35,0.75,True,0.25,,,c5_rank_autocorr,permutation,unstudentized,0.05,2000,1785,215,0,0.047619047619047616,0.005040534514523458,31.0515406162465,6.42296918767507,0.17139568259283622,7.194397759103642,-0.07052851759714061,"ValueError: gamma_hat is zero: every gap is identical, so the statistic it scales is undefined. A fully quantised duration vector (every window one read long) r"
size,A_iid_weibull,in_spec,35,0.75,True,0.25,,,c6_exchangeability,permutation,,0.05,2000,1785,215,0,0.047058823529411764,0.005012270135271009,31.0515406162465,6.42296918767507,0.17139568259283622,7.194397759103642,-0.07052851759714061,"ValueError: gamma_hat is zero: every gap is identical, so the statistic it scales is undefined. A fully quantised duration vector (every window one read long) r"
size,A_iid_weibull,in_spec,35,0.75,True,0.25,,,cvm_cramer_von_mises,permutation,,0.05,2000,1785,215,0,0.044257703081232495,0.004867945735711284,31.0515406162465,6.42296918767507,0.17139568259283622,7.194397759103642,-0.07052851759714061,"ValueError: gamma_hat is zero: every gap is identical, so the statistic it scales is undefined. A fully quantised duration vector (every window one read long) r"
size,D_trp_power_law,in_spec,35,0.75,False,0.0,,1.0,c1_lewis_robinson,asymptotic,,0.05,2000,2000,0,0,0.065,0.005512485827646181,35.3255,1.0,0.0275288709033599,35.3255,-0.018186780564797445,
size,D_trp_power_law,in_spec,35,0.75,False,0.0,,1.0,c1_lewis_robinson,permutation,,0.05,2000,2000,0,0,0.053,0.005009540897128199,35.3255,1.0,0.0275288709033599,35.3255,-0.018186780564797445,
size,D_trp_power_law,in_spec,35,0.75,False,0.0,,1.0,c2_anderson_darling,asymptotic,,0.05,2000,2000,0,0,0.0625,0.005412658773652742,35.3255,1.0,0.0275288709033599,35.3255,-0.018186780564797445,
size,D_trp_power_law,in_spec,35,0.75,False,0.0,,1.0,c2_anderson_darling,permutation,,0.05,2000,2000,0,0,0.0495,0.004850244839180801,35.3255,1.0,0.0275288709033599,35.3255,-0.018186780564797445,
size,D_trp_power_law,in_spec,35,0.75,False,0.0,,1.0,c5_rank_autocorr,permutation,studentized,0.05,2000,2000,0,0,0.0465,0.004708383480558906,35.3255,1.0,0.0275288709033599,35.3255,-0.018186780564797445,
size,D_trp_power_law,in_spec,35,0.75,False,0.0,,1.0,c5_rank_autocorr,permutation,unstudentized,0.05,2000,2000,0,0,0.0405,0.004407933189148856,35.3255,1.0,0.0275288709033599,35.3255,-0.018186780564797445,
size,D_trp_power_law,in_spec,35,0.75,False,0.0,,1.0,c6_exchangeability,permutation,,0.05,2000,2000,0,0,0.048,0.0047799581588126895,35.3255,1.0,0.0275288709033599,35.3255,-0.018186780564797445,
size,D_trp_power_law,in_spec,35,0.75,False,0.0,,1.0,cvm_cramer_von_mises,asymptotic,,0.05,2000,2000,0,0,0.0605,0.005331029450303197,35.3255,1.0,0.0275288709033599,35.3255,-0.018186780564797445,
size,D_trp_power_law,in_spec,35,0.75,False,0.0,,1.0,cvm_cramer_von_mises,permutation,,0.05,2000,2000,0,0,0.052,0.004964675215963275,35.3255,1.0,0.0275288709033599,35.3255,-0.018186780564797445,
size,D_trp_power_law,in_spec,35,0.75,False,0.03,,1.0,c1_lewis_robinson,asymptotic,,0.05,2000,2000,0,0,0.0505,0.00489641450451246,35.1605,1.0,0.027654484866083157,35.1605,-0.029706868967140657,
size,D_trp_power_law,in_spec,35,0.75,False,0.03,,1.0,c1_lewis_robinson,permutation,,0.05,2000,2000,0,0,0.049,0.0048269555622566076,35.1605,1.0,0.027654484866083157,35.1605,-0.029706868967140657,
size,D_trp_power_law,in_spec,35,0.75,False,0.03,,1.0,c2_anderson_darling,asymptotic,,0.05,2000,2000,0,0,0.0525,0.004987171041783107,35.1605,1.0,0.027654484866083157,35.1605,-0.029706868967140657,
size,D_trp_power_law,in_spec,35,0.75,False,0.03,,1.0,c2_anderson_darling,permutation,,0.05,2000,2000,0,0,0.046,0.00468422885862764,35.1605,1.0,0.027654484866083157,35.1605,-0.029706868967140657,
size,D_trp_power_law,in_spec,35,0.75,False,0.03,,1.0,c5_rank_autocorr,permutation,studentized,0.05,2000,2000,0,0,0.0485,0.004803527349771208,35.1605,1.0,0.027654484866083157,35.1605,-0.029706868967140657,
size,D_trp_power_law,in_spec,35,0.75,False,0.03,,1.0,c5_rank_autocorr,permutation,unstudentized,0.05,2000,2000,0,0,0.0495,0.004850244839180801,35.1605,1.0,0.027654484866083157,35.1605,-0.029706868967140657,
size,D_trp_power_law,in_spec,35,0.75,False,0.03,,1.0,c6_exchangeability,permutation,,0.05,2000,2000,0,0,0.045,0.004635461142108733,35.1605,1.0,0.027654484866083157,35.1605,-0.029706868967140657,
size,D_trp_power_law,in_spec,35,0.75,False,0.03,,1.0,cvm_cramer_von_mises,asymptotic,,0.05,2000,2000,0,0,0.052,0.004964675215963275,35.1605,1.0,0.027654484866083157,35.1605,-0.029706868967140657,
size,D_trp_power_law,in_spec,35,0.75,False,0.03,,1.0,cvm_cramer_von_mises,permutation,,0.05,2000,2000,0,0,0.0485,0.004803527349771208,35.1605,1.0,0.027654484866083157,35.1605,-0.029706868967140657,
size,D_trp_power_law,in_spec,35,0.75,False,0.25,,1.0,c1_lewis_robinson,asymptotic,,0.05,2000,2000,0,0,0.1485,0.007951344225978398,37.298,6.47,0.14782489490038384,37.298,-0.05523343854992737,
size,D_trp_power_law,in_spec,35,0.75,False,0.25,,1.0,c1_lewis_robinson,permutation,,0.05,2000,2000,0,0,0.046,0.00468422885862764,37.298,6.47,0.14782489490038384,37.298,-0.05523343854992737,
size,D_trp_power_law,in_spec,35,0.75,False,0.25,,1.0,c2_anderson_darling,permutation,,0.05,2000,2000,0,0,0.051,0.004919298730510275,37.298,6.47,0.14782489490038384,37.298,-0.05523343854992737,
size,D_trp_power_law,in_spec,35,0.75,False,0.25,,1.0,c5_rank_autocorr,permutation,studentized,0.05,2000,2000,0,0,0.051,0.004919298730510275,37.298,6.47,0.14782489490038384,37.298,-0.05523343854992737,
size,D_trp_power_law,in_spec,35,0.75,False,0.25,,1.0,c5_rank_autocorr,permutation,unstudentized,0.05,2000,2000,0,0,0.0455,0.004659922209651144,37.298,6.47,0.14782489490038384,37.298,-0.05523343854992737,
size,D_trp_power_law,in_spec,35,0.75,False,0.25,,1.0,c6_exchangeability,permutation,,0.05,2000,2000,0,0,0.045,0.004635461142108733,37.298,6.47,0.14782489490038384,37.298,-0.05523343854992737,
size,D_trp_power_law,in_spec,35,0.75,False,0.25,,1.0,cvm_cramer_von_mises,permutation,,0.05,2000,2000,0,0,0.0465,0.004708383480558906,37.298,6.47,0.14782489490038384,37.298,-0.05523343854992737,
size,E_copula_ar1_durations,in_spec,35,0.75,False,0.0,0.0,,c1_lewis_robinson,asymptotic,,0.05,2000,2000,0,0,0.0595,0.005289600646551685,35.381,1.0,0.027486875017179297,35.381,-0.030257921036244664,
size,E_copula_ar1_durations,in_spec,35,0.75,False,0.0,0.0,,c1_lewis_robinson,permutation,,0.05,2000,2000,0,0,0.051,0.004919298730510275,35.381,1.0,0.027486875017179297,35.381,-0.030257921036244664,
size,E_copula_ar1_durations,in_spec,35,0.75,False,0.0,0.0,,c2_anderson_darling,asymptotic,,0.05,2000,2000,0,0,0.058,0.0052266624149642565,35.381,1.0,0.027486875017179297,35.381,-0.030257921036244664,
size,E_copula_ar1_durations,in_spec,35,0.75,False,0.0,0.0,,c2_anderson_darling,permutation,,0.05,2000,2000,0,0,0.044,0.0045860658521220555,35.381,1.0,0.027486875017179297,35.381,-0.030257921036244664,
size,E_copula_ar1_durations,in_spec,35,0.75,False,0.0,0.0,,c5_rank_autocorr,permutation,studentized,0.05,2000,2000,0,0,0.045,0.004635461142108733,35.381,1.0,0.027486875017179297,35.381,-0.030257921036244664,
size,E_copula_ar1_durations,in_spec,35,0.75,False,0.0,0.0,,c5_rank_autocorr,permutation,unstudentized,0.05,2000,2000,0,0,0.04,0.004381780460041329,35.381,1.0,0.027486875017179297,35.381,-0.030257921036244664,
size,E_copula_ar1_durations,in_spec,35,0.75,False,0.0,0.0,,c6_exchangeability,permutation,,0.05,2000,2000,0,0,0.0465,0.004708383480558906,35.381,1.0,0.027486875017179297,35.381,-0.030257921036244664,
size,E_copula_ar1_durations,in_spec,35,0.75,False,0.0,0.0,,cvm_cramer_von_mises,asymptotic,,0.05,2000,2000,0,0,0.0485,0.004803527349771208,35.381,1.0,0.027486875017179297,35.381,-0.030257921036244664,
size,E_copula_ar1_durations,in_spec,35,0.75,False,0.0,0.0,,cvm_cramer_von_mises,permutation,,0.05,2000,2000,0,0,0.0445,0.004610843198374892,35.381,1.0,0.027486875017179297,35.381,-0.030257921036244664,
size,A_iid_weibull,in_spec,35,1.5,False,0.0,,,c1_lewis_robinson,asymptotic,,0.05,2000,2000,0,0,0.0635,0.005452877680637995,34.809,1.0,0.027925940406043175,34.809,-0.029272295768909877,
size,A_iid_weibull,in_spec,35,1.5,False,0.0,,,c1_lewis_robinson,permutation,,0.05,2000,2000,0,0,0.055,0.005097793640389928,34.809,1.0,0.027925940406043175,34.809,-0.029272295768909877,
size,A_iid_weibull,in_spec,35,1.5,False,0.0,,,c2_anderson_darling,asymptotic,,0.05,2000,2000,0,0,0.0685,0.0056483515294287415,34.809,1.0,0.027925940406043175,34.809,-0.029272295768909877,
size,A_iid_weibull,in_spec,35,1.5,False,0.0,,,c2_anderson_darling,permutation,,0.05,2000,2000,0,0,0.055,0.005097793640389928,34.809,1.0,0.027925940406043175,34.809,-0.029272295768909877,
size,A_iid_weibull,in_spec,35,1.5,False,0.0,,,c5_rank_autocorr,permutation,studentized,0.05,2000,2000,0,0,0.0515,0.004942051699446294,34.809,1.0,0.027925940406043175,34.809,-0.029272295768909877,
size,A_iid_weibull,in_spec,35,1.5,False,0.0,,,c5_rank_autocorr,permutation,unstudentized,0.05,2000,2000,0,0,0.0465,0.004708383480558906,34.809,1.0,0.027925940406043175,34.809,-0.029272295768909877,
size,A_iid_weibull,in_spec,35,1.5,False,0.0,,,c6_exchangeability,permutation,,0.05,2000,2000,0,0,0.04,0.004381780460041329,34.809,1.0,0.027925940406043175,34.809,-0.029272295768909877,
size,A_iid_weibull,in_spec,35,1.5,False,0.0,,,cvm_cramer_von_mises,asymptotic,,0.05,2000,2000,0,0,0.067,0.005590661857061291,34.809,1.0,0.027925940406043175,34.809,-0.029272295768909877,
size,A_iid_weibull,in_spec,35,1.5,False,0.0,,,cvm_cramer_von_mises,permutation,,0.05,2000,2000,0,0,0.0565,0.005162739098579358,34.809,1.0,0.027925940406043175,34.809,-0.029272295768909877,
size,A_iid_weibull,in_spec,35,1.5,False,0.03,,,c1_lewis_robinson,asymptotic,,0.05,2000,2000,0,0,0.0565,0.005162739098579358,34.7935,1.0,0.027938033441826028,34.7935,-0.0323553354267009,
size,A_iid_weibull,in_spec,35,1.5,False,0.03,,,c1_lewis_robinson,permutation,,0.05,2000,2000,0,0,0.0475,0.004756245893559331,34.7935,1.0,0.027938033441826028,34.7935,-0.0323553354267009,
size,A_iid_weibull,in_spec,35,1.5,False,0.03,,,c2_anderson_darling,asymptotic,,0.05,2000,2000,0,0,0.059,0.0052687284993630104,34.7935,1.0,0.027938033441826028,34.7935,-0.0323553354267009,
size,A_iid_weibull,in_spec,35,1.5,False,0.03,,,c2_anderson_darling,permutation,,0.05,2000,2000,0,0,0.0475,0.004756245893559331,34.7935,1.0,0.027938033441826028,34.7935,-0.0323553354267009,
size,A_iid_weibull,in_spec,35,1.5,False,0.03,,,c5_rank_autocorr,permutation,studentized,0.05,2000,2000,0,0,0.0465,0.004708383480558906,34.7935,1.0,0.027938033441826028,34.7935,-0.0323553354267009,
size,A_iid_weibull,in_spec,35,1.5,False,0.03,,,c5_rank_autocorr,permutation,unstudentized,0.05,2000,2000,0,0,0.047,0.00473238840333293,34.7935,1.0,0.027938033441826028,34.7935,-0.0323553354267009,
size,A_iid_weibull,in_spec,35,1.5,False,0.03,,,c6_exchangeability,permutation,,0.05,2000,2000,0,0,0.0465,0.004708383480558906,34.7935,1.0,0.027938033441826028,34.7935,-0.0323553354267009,
size,A_iid_weibull,in_spec,35,1.5,False,0.03,,,cvm_cramer_von_mises,asymptotic,,0.05,2000,2000,0,0,0.051,0.004919298730510275,34.7935,1.0,0.027938033441826028,34.7935,-0.0323553354267009,
size,A_iid_weibull,in_spec,35,1.5,False,0.03,,,cvm_cramer_von_mises,permutation,,0.05,2000,2000,0,0,0.043,0.004536022486716748,34.7935,1.0,0.027938033441826028,34.7935,-0.0323553354267009,
size,A_iid_weibull,in_spec,35,1.5,False,0.25,,,c1_lewis_robinson,asymptotic,,0.05,2000,2000,0,0,0.192,0.008807269724494646,33.0925,6.954,0.17364813404417365,33.0925,-0.046679527631611394,
size,A_iid_weibull,in_spec,35,1.5,False,0.25,,,c1_lewis_robinson,permutation,,0.05,2000,2000,0,0,0.0385,0.004302194207610809,33.0925,6.954,0.17364813404417365,33.0925,-0.046679527631611394,
size,A_iid_weibull,in_spec,35,1.5,False,0.25,,,c2_anderson_darling,permutation,,0.05,2000,2000,0,0,0.047,0.00473238840333293,33.0925,6.954,0.17364813404417365,33.0925,-0.046679527631611394,
size,A_iid_weibull,in_spec,35,1.5,False,0.25,,,c5_rank_autocorr,permutation,studentized,0.05,2000,2000,0,0,0.0555,0.005119558086397693,33.0925,6.954,0.17364813404417365,33.0925,-0.046679527631611394,
size,A_iid_weibull,in_spec,35,1.5,False,0.25,,,c5_rank_autocorr,permutation,unstudentized,0.05,2000,2000,0,0,0.0545,0.005075911248239078,33.0925,6.954,0.17364813404417365,33.0925,-0.046679527631611394,
size,A_iid_weibull,in_spec,35,1.5,False,0.25,,,c6_exchangeability,permutation,,0.05,2000,2000,0,0,0.0595,0.005289600646551685,33.0925,6.954,0.17364813404417365,33.0925,-0.046679527631611394,
size,A_iid_weibull,in_spec,35,1.5,False,0.25,,,cvm_cramer_von_mises,permutation,,0.05,2000,2000,0,0,0.048,0.0047799581588126895,33.0925,6.954,0.17364813404417365,33.0925,-0.046679527631611394,
size,A_iid_weibull,in_spec,35,1.5,True,0.0,,,c1_lewis_robinson,asymptotic,,0.05,2000,2000,0,0,0.057,0.00518415856238985,29.7345,1.0,0.0325367258292798,7.6605,-0.036608178566625314,
size,A_iid_weibull,in_spec,35,1.5,True,0.0,,,c1_lewis_robinson,permutation,,0.05,2000,2000,0,0,0.047,0.00473238840333293,29.7345,1.0,0.0325367258292798,7.6605,-0.036608178566625314,
size,A_iid_weibull,in_spec,35,1.5,True,0.0,,,c2_anderson_darling,asymptotic,,0.05,2000,2000,0,0,0.0615,0.005372045699731156,29.7345,1.0,0.0325367258292798,7.6605,-0.036608178566625314,
size,A_iid_weibull,in_spec,35,1.5,True,0.0,,,c2_anderson_darling,permutation,,0.05,2000,2000,0,0,0.0415,0.004459694496263169,29.7345,1.0,0.0325367258292798,7.6605,-0.036608178566625314,
size,A_iid_weibull,in_spec,35,1.5,True,0.0,,,c5_rank_autocorr,permutation,studentized,0.05,2000,2000,0,0,0.049,0.0048269555622566076,29.7345,1.0,0.0325367258292798,7.6605,-0.036608178566625314,
size,A_iid_weibull,in_spec,35,1.5,True,0.0,,,c5_rank_autocorr,permutation,unstudentized,0.05,2000,2000,0,0,0.046,0.00468422885862764,29.7345,1.0,0.0325367258292798,7.6605,-0.036608178566625314,
size,A_iid_weibull,in_spec,35,1.5,True,0.0,,,c6_exchangeability,permutation,,0.05,2000,2000,0,0,0.048,0.0047799581588126895,29.7345,1.0,0.0325367258292798,7.6605,-0.036608178566625314,
size,A_iid_weibull,in_spec,35,1.5,True,0.0,,,cvm_cramer_von_mises,asymptotic,,0.05,2000,2000,0,0,0.054,0.005053909377897471,29.7345,1.0,0.0325367258292798,7.6605,-0.036608178566625314,
size,A_iid_weibull,in_spec,35,1.5,True,0.0,,,cvm_cramer_von_mises,permutation,,0.05,2000,2000,0,0,0.04,0.004381780460041329,29.7345,1.0,0.0325367258292798,7.6605,-0.036608178566625314,
size,A_iid_weibull,in_spec,35,1.5,True,0.03,,,c1_lewis_robinson,asymptotic,,0.05,2000,2000,0,0,0.0635,0.005452877680637995,29.7535,1.0,0.03251662412408344,7.658,-0.032553749066071586,
size,A_iid_weibull,in_spec,35,1.5,True,0.03,,,c1_lewis_robinson,permutation,,0.05,2000,2000,0,0,0.0505,0.00489641450451246,29.7535,1.0,0.03251662412408344,7.658,-0.032553749066071586,
size,A_iid_weibull,in_spec,35,1.5,True,0.03,,,c2_anderson_darling,asymptotic,,0.05,2000,2000,0,0,0.0735,0.005835141386461857,29.7535,1.0,0.03251662412408344,7.658,-0.032553749066071586,
size,A_iid_weibull,in_spec,35,1.5,True,0.03,,,c2_anderson_darling,permutation,,0.05,2000,2000,0,0,0.0505,0.00489641450451246,29.7535,1.0,0.03251662412408344,7.658,-0.032553749066071586,
size,A_iid_weibull,in_spec,35,1.5,True,0.03,,,c5_rank_autocorr,permutation,studentized,0.05,2000,2000,0,0,0.0495,0.004850244839180801,29.7535,1.0,0.03251662412408344,7.658,-0.032553749066071586,
size,A_iid_weibull,in_spec,35,1.5,True,0.03,,,c5_rank_autocorr,permutation,unstudentized,0.05,2000,2000,0,0,0.047,0.00473238840333293,29.7535,1.0,0.03251662412408344,7.658,-0.032553749066071586,
size,A_iid_weibull,in_spec,35,1.5,True,0.03,,,c6_exchangeability,permutation,,0.05,2000,2000,0,0,0.0485,0.004803527349771208,29.7535,1.0,0.03251662412408344,7.658,-0.032553749066071586,
size,A_iid_weibull,in_spec,35,1.5,True,0.03,,,cvm_cramer_von_mises,asymptotic,,0.05,2000,2000,0,0,0.063,0.005432816948876522,29.7535,1.0,0.03251662412408344,7.658,-0.032553749066071586,
size,A_iid_weibull,in_spec,35,1.5,True,0.03,,,cvm_cramer_von_mises,permutation,,0.05,2000,2000,0,0,0.0505,0.00489641450451246,29.7535,1.0,0.03251662412408344,7.658,-0.032553749066071586,
size,A_iid_weibull,in_spec,35,1.5,True,0.25,,,c1_lewis_robinson,asymptotic,,0.05,2000,1849,151,0,0.34234721471065443,0.01103476975191744,28.672255273120605,6.942671714440238,0.19493713174998484,7.059491617090319,-0.05206679985210719,"ValueError: gamma_hat is zero: every gap is identical, so the statistic it scales is undefined. A fully quantised duration vector (every window one read long) r"
size,A_iid_weibull,in_spec,35,1.5,True,0.25,,,c1_lewis_robinson,permutation,,0.05,2000,1849,151,0,0.060032449972958354,0.005524347746321164,28.672255273120605,6.942671714440238,0.19493713174998484,7.059491617090319,-0.05206679985210719,"ValueError: gamma_hat is zero: every gap is identical, so the statistic it scales is undefined. A fully quantised duration vector (every window one read long) r"
size,A_iid_weibull,in_spec,35,1.5,True,0.25,,,c2_anderson_darling,permutation,,0.05,2000,1849,151,0,0.055164954029204974,0.005309347750936922,28.672255273120605,6.942671714440238,0.19493713174998484,7.059491617090319,-0.05206679985210719,"ValueError: gamma_hat is zero: every gap is identical, so the statistic it scales is undefined. A fully quantised duration vector (every window one read long) r"
size,A_iid_weibull,in_spec,35,1.5,True,0.25,,,c5_rank_autocorr,permutation,studentized,0.05,2000,1849,151,0,0.04597079502433748,0.004870273903006041,28.672255273120605,6.942671714440238,0.19493713174998484,7.059491617090319,-0.05206679985210719,"ValueError: gamma_hat is zero: every gap is identical, so the statistic it scales is undefined. A fully quantised duration vector (every window one read long) r"
size,A_iid_weibull,in_spec,35,1.5,True,0.25,,,c5_rank_autocorr,permutation,unstudentized,0.05,2000,1849,151,0,0.048674959437533805,0.005004363037509257,28.672255273120605,6.942671714440238,0.19493713174998484,7.059491617090319,-0.05206679985210719,"ValueError: gamma_hat is zero: every gap is identical, so the statistic it scales is undefined. A fully quantised duration vector (every window one read long) r"
size,A_iid_weibull,in_spec,35,1.5,True,0.25,,,c6_exchangeability,permutation,,0.05,2000,1849,151,0,0.053542455381287185,0.0052351756168054165,28.672255273120605,6.942671714440238,0.19493713174998484,7.059491617090319,-0.05206679985210719,"ValueError: gamma_hat is zero: every gap is identical, so the statistic it scales is undefined. A fully quantised duration vector (every window one read long) r"
size,A_iid_weibull,in_spec,35,1.5,True,0.25,,,cvm_cramer_von_mises,permutation,,0.05,2000,1849,151,0,0.05678745267712277,0.005382233351948078,28.672255273120605,6.942671714440238,0.19493713174998484,7.059491617090319,-0.05206679985210719,"ValueError: gamma_hat is zero: every gap is identical, so the statistic it scales is undefined. A fully quantised duration vector (every window one read long) r"
size,D_trp_power_law,in_spec,35,1.5,False,0.0,,1.0,c1_lewis_robinson,asymptotic,,0.05,2000,2000,0,0,0.06,0.0053103672189407005,34.813,1.0,0.02792282132186636,34.813,-0.027018167101730925,
size,D_trp_power_law,in_spec,35,1.5,False,0.0,,1.0,c1_lewis_robinson,permutation,,0.05,2000,2000,0,0,0.05,0.004873397172404482,34.813,1.0,0.02792282132186636,34.813,-0.027018167101730925,
size,D_trp_power_law,in_spec,35,1.5,False,0.0,,1.0,c2_anderson_darling,asymptotic,,0.05,2000,2000,0,0,0.0645,0.005492711079239468,34.813,1.0,0.02792282132186636,34.813,-0.027018167101730925,
size,D_trp_power_law,in_spec,35,1.5,False,0.0,,1.0,c2_anderson_darling,permutation,,0.05,2000,2000,0,0,0.048,0.0047799581588126895,34.813,1.0,0.02792282132186636,34.813,-0.027018167101730925,
size,D_trp_power_law,in_spec,35,1.5,False,0.0,,1.0,c5_rank_autocorr,permutation,studentized,0.05,2000,2000,0,0,0.0455,0.004659922209651144,34.813,1.0,0.02792282132186636,34.813,-0.027018167101730925,
size,D_trp_power_law,in_spec,35,1.5,False,0.0,,1.0,c5_rank_autocorr,permutation,unstudentized,0.05,2000,2000,0,0,0.045,0.004635461142108733,34.813,1.0,0.02792282132186636,34.813,-0.027018167101730925,
size,D_trp_power_law,in_spec,35,1.5,False,0.0,,1.0,c6_exchangeability,permutation,,0.05,2000,2000,0,0,0.0445,0.004610843198374892,34.813,1.0,0.02792282132186636,34.813,-0.027018167101730925,
size,D_trp_power_law,in_spec,35,1.5,False,0.0,,1.0,cvm_cramer_von_mises,asymptotic,,0.05,2000,2000,0,0,0.058,0.0052266624149642565,34.813,1.0,0.02792282132186636,34.813,-0.027018167101730925,
size,D_trp_power_law,in_spec,35,1.5,False,0.0,,1.0,cvm_cramer_von_mises,permutation,,0.05,2000,2000,0,0,0.0485,0.004803527349771208,34.813,1.0,0.02792282132186636,34.813,-0.027018167101730925,
size,D_trp_power_law,in_spec,35,1.5,False,0.03,,1.0,c1_lewis_robinson,asymptotic,,0.05,2000,2000,0,0,0.0685,0.0056483515294287415,34.708,1.0,0.02800492886748068,34.708,-0.02705392767382293,
size,D_trp_power_law,in_spec,35,1.5,False,0.03,,1.0,c1_lewis_robinson,permutation,,0.05,2000,2000,0,0,0.0575,0.005205465877325487,34.708,1.0,0.02800492886748068,34.708,-0.02705392767382293,
size,D_trp_power_law,in_spec,35,1.5,False,0.03,,1.0,c2_anderson_darling,asymptotic,,0.05,2000,2000,0,0,0.068,0.005629209535982827,34.708,1.0,0.02800492886748068,34.708,-0.02705392767382293,
size,D_trp_power_law,in_spec,35,1.5,False,0.03,,1.0,c2_anderson_darling,permutation,,0.05,2000,2000,0,0,0.055,0.005097793640389928,34.708,1.0,0.02800492886748068,34.708,-0.02705392767382293,
size,D_trp_power_law,in_spec,35,1.5,False,0.03,,1.0,c5_rank_autocorr,permutation,studentized,0.05,2000,2000,0,0,0.0525,0.004987171041783107,34.708,1.0,0.02800492886748068,34.708,-0.02705392767382293,
size,D_trp_power_law,in_spec,35,1.5,False,0.03,,1.0,c5_rank_autocorr,permutation,unstudentized,0.05,2000,2000,0,0,0.053,0.005009540897128199,34.708,1.0,0.02800492886748068,34.708,-0.02705392767382293,
size,D_trp_power_law,in_spec,35,1.5,False,0.03,,1.0,c6_exchangeability,permutation,,0.05,2000,2000,0,0,0.0525,0.004987171041783107,34.708,1.0,0.02800492886748068,34.708,-0.02705392767382293,
size,D_trp_power_law,in_spec,35,1.5,False,0.03,,1.0,cvm_cramer_von_mises,asymptotic,,0.05,2000,2000,0,0,0.068,0.005629209535982827,34.708,1.0,0.02800492886748068,34.708,-0.02705392767382293,
size,D_trp_power_law,in_spec,35,1.5,False,0.03,,1.0,cvm_cramer_von_mises,permutation,,0.05,2000,2000,0,0,0.06,0.0053103672189407005,34.708,1.0,0.02800492886748068,34.708,-0.02705392767382293,
size,D_trp_power_law,in_spec,35,1.5,False,0.25,,1.0,c1_lewis_robinson,asymptotic,,0.05,2000,2000,0,0,0.1995,0.008935875726530668,33.0615,6.9535,0.17377233537423467,33.0615,-0.0443273543811158,
size,D_trp_power_law,in_spec,35,1.5,False,0.25,,1.0,c1_lewis_robinson,permutation,,0.05,2000,2000,0,0,0.0495,0.004850244839180801,33.0615,6.9535,0.17377233537423467,33.0615,-0.0443273543811158,
size,D_trp_power_law,in_spec,35,1.5,False,0.25,,1.0,c2_anderson_darling,permutation,,0.05,2000,2000,0,0,0.0395,0.00435544199823623,33.0615,6.9535,0.17377233537423467,33.0615,-0.0443273543811158,
size,D_trp_power_law,in_spec,35,1.5,False,0.25,,1.0,c5_rank_autocorr,permutation,studentized,0.05,2000,2000,0,0,0.046,0.00468422885862764,33.0615,6.9535,0.17377233537423467,33.0615,-0.0443273543811158,
size,D_trp_power_law,in_spec,35,1.5,False,0.25,,1.0,c5_rank_autocorr,permutation,unstudentized,0.05,2000,2000,0,0,0.041,0.004433903472111228,33.0615,6.9535,0.17377233537423467,33.0615,-0.0443273543811158,
size,D_trp_power_law,in_spec,35,1.5,False,0.25,,1.0,c6_exchangeability,permutation,,0.05,2000,2000,0,0,0.04,0.004381780460041329,33.0615,6.9535,0.17377233537423467,33.0615,-0.0443273543811158,
size,D_trp_power_law,in_spec,35,1.5,False,0.25,,1.0,cvm_cramer_von_mises,permutation,,0.05,2000,2000,0,0,0.0465,0.004708383480558906,33.0615,6.9535,0.17377233537423467,33.0615,-0.0443273543811158,
size,E_copula_ar1_durations,in_spec,35,1.5,False,0.0,0.0,,c1_lewis_robinson,asymptotic,,0.05,2000,2000,0,0,0.056,0.005141206084179081,34.64,1.0,0.028058361391694726,34.64,-0.023451973123616125,
size,E_copula_ar1_durations,in_spec,35,1.5,False,0.0,0.0,,c1_lewis_robinson,permutation,,0.05,2000,2000,0,0,0.0475,0.004756245893559331,34.64,1.0,0.028058361391694726,34.64,-0.023451973123616125,
size,E_copula_ar1_durations,in_spec,35,1.5,False,0.0,0.0,,c2_anderson_darling,asymptotic,,0.05,2000,2000,0,0,0.06,0.0053103672189407005,34.64,1.0,0.028058361391694726,34.64,-0.023451973123616125,
size,E_copula_ar1_durations,in_spec,35,1.5,False,0.0,0.0,,c2_anderson_darling,permutation,,0.05,2000,2000,0,0,0.0505,0.00489641450451246,34.64,1.0,0.028058361391694726,34.64,-0.023451973123616125,
size,E_copula_ar1_durations,in_spec,35,1.5,False,0.0,0.0,,c5_rank_autocorr,permutation,studentized,0.05,2000,2000,0,0,0.05,0.004873397172404482,34.64,1.0,0.028058361391694726,34.64,-0.023451973123616125,
size,E_copula_ar1_durations,in_spec,35,1.5,False,0.0,0.0,,c5_rank_autocorr,permutation,unstudentized,0.05,2000,2000,0,0,0.055,0.005097793640389928,34.64,1.0,0.028058361391694726,34.64,-0.023451973123616125,
size,E_copula_ar1_durations,in_spec,35,1.5,False,0.0,0.0,,c6_exchangeability,permutation,,0.05,2000,2000,0,0,0.046,0.00468422885862764,34.64,1.0,0.028058361391694726,34.64,-0.023451973123616125,
size,E_copula_ar1_durations,in_spec,35,1.5,False,0.0,0.0,,cvm_cramer_von_mises,asymptotic,,0.05,2000,2000,0,0,0.0585,0.0052477495176503994,34.64,1.0,0.028058361391694726,34.64,-0.023451973123616125,
size,E_copula_ar1_durations,in_spec,35,1.5,False,0.0,0.0,,cvm_cramer_von_mises,permutation,,0.05,2000,2000,0,0,0.0515,0.004942051699446294,34.64,1.0,0.028058361391694726,34.64,-0.023451973123616125,
size,B_iid_reads_carved,calendar,35,,False,0.0,,,c1_lewis_robinson,asymptotic,,0.05,2000,2000,0,0,0.057,0.00518415856238985,36.571,1.0,0.026616273189428018,7.3745,-0.030197525583201525,
size,B_iid_reads_carved,calendar,35,,False,0.0,,,c1_lewis_robinson,permutation,,0.05,2000,2000,0,0,0.047,0.00473238840333293,36.571,1.0,0.026616273189428018,7.3745,-0.030197525583201525,
size,B_iid_reads_carved,calendar,35,,False,0.0,,,c2_anderson_darling,asymptotic,,0.05,2000,2000,0,0,0.0705,0.0057240610583745525,36.571,1.0,0.026616273189428018,7.3745,-0.030197525583201525,
size,B_iid_reads_carved,calendar,35,,False,0.0,,,c2_anderson_darling,permutation,,0.05,2000,2000,0,0,0.0505,0.00489641450451246,36.571,1.0,0.026616273189428018,7.3745,-0.030197525583201525,
size,B_iid_reads_carved,calendar,35,,False,0.0,,,c5_rank_autocorr,permutation,studentized,0.05,2000,2000,0,0,0.0475,0.004756245893559331,36.571,1.0,0.026616273189428018,7.3745,-0.030197525583201525,
size,B_iid_reads_carved,calendar,35,,False,0.0,,,c5_rank_autocorr,permutation,unstudentized,0.05,2000,2000,0,0,0.0475,0.004756245893559331,36.571,1.0,0.026616273189428018,7.3745,-0.030197525583201525,
size,B_iid_reads_carved,calendar,35,,False,0.0,,,c6_exchangeability,permutation,,0.05,2000,2000,0,0,0.0445,0.004610843198374892,36.571,1.0,0.026616273189428018,7.3745,-0.030197525583201525,
size,B_iid_reads_carved,calendar,35,,False,0.0,,,cvm_cramer_von_mises,asymptotic,,0.05,2000,2000,0,0,0.061,0.005351588549206675,36.571,1.0,0.026616273189428018,7.3745,-0.030197525583201525,
size,B_iid_reads_carved,calendar,35,,False,0.0,,,cvm_cramer_von_mises,permutation,,0.05,2000,2000,0,0,0.0495,0.004850244839180801,36.571,1.0,0.026616273189428018,7.3745,-0.030197525583201525,
size,B_iid_reads_carved,in_spec,35,,False,0.0,,,c5_rank_autocorr,permutation,studentized,0.05,2000,2000,0,0,0.056,0.005141206084179081,36.924,1.0,0.026368526526737688,5.5355,-0.02272995518930169,
size,B_iid_reads_carved,in_spec,35,,False,0.0,,,c5_rank_autocorr,permutation,unstudentized,0.05,2000,2000,0,0,0.057,0.00518415856238985,36.924,1.0,0.026368526526737688,5.5355,-0.02272995518930169,
size,B_iid_reads_carved,in_spec,35,,False,0.0,,,c6_exchangeability,permutation,,0.05,2000,2000,0,0,0.054,0.005053909377897471,36.924,1.0,0.026368526526737688,5.5355,-0.02272995518930169,
size,B_iid_reads_carved,in_spec,35,,False,0.0,,,cvm_cramer_von_mises,permutation,,0.05,2000,2000,0,0,0.0505,0.00489641450451246,36.924,1.0,0.026368526526737688,5.5355,-0.02272995518930169,
size,C_ar1_reads_carved,calendar,35,,False,0.0,0.0,,c1_lewis_robinson,asymptotic,,0.05,2000,2000,0,0,0.069,0.005667406814408156,36.5245,1.0,0.026649255819531238,7.362,-0.020313636831862707,
size,C_ar1_reads_carved,calendar,35,,False,0.0,0.0,,c1_lewis_robinson,permutation,,0.05,2000,2000,0,0,0.0575,0.005205465877325487,36.5245,1.0,0.026649255819531238,7.362,-0.020313636831862707,
size,C_ar1_reads_carved,calendar,35,,False,0.0,0.0,,c2_anderson_darling,asymptotic,,0.05,2000,2000,0,0,0.084,0.0062025801083097675,36.5245,1.0,0.026649255819531238,7.362,-0.020313636831862707,
size,C_ar1_reads_carved,calendar,35,,False,0.0,0.0,,c2_anderson_darling,permutation,,0.05,2000,2000,0,0,0.054,0.005053909377897471,36.5245,1.0,0.026649255819531238,7.362,-0.020313636831862707,
size,C_ar1_reads_carved,calendar,35,,False,0.0,0.0,,c5_rank_autocorr,permutation,studentized,0.05,2000,2000,0,0,0.048,0.0047799581588126895,36.5245,1.0,0.026649255819531238,7.362,-0.020313636831862707,
size,C_ar1_reads_carved,calendar,35,,False,0.0,0.0,,c5_rank_autocorr,permutation,unstudentized,0.05,2000,2000,0,0,0.0435,0.004561126505590478,36.5245,1.0,0.026649255819531238,7.362,-0.020313636831862707,
size,C_ar1_reads_carved,calendar,35,,False,0.0,0.0,,c6_exchangeability,permutation,,0.05,2000,2000,0,0,0.042,0.004485309353879618,36.5245,1.0,0.026649255819531238,7.362,-0.020313636831862707,
size,C_ar1_reads_carved,calendar,35,,False,0.0,0.0,,cvm_cramer_von_mises,asymptotic,,0.05,2000,2000,0,0,0.077,0.0059611659933271445,36.5245,1.0,0.026649255819531238,7.362,-0.020313636831862707,
size,C_ar1_reads_carved,calendar,35,,False,0.0,0.0,,cvm_cramer_von_mises,permutation,,0.05,2000,2000,0,0,0.058,0.0052266624149642565,36.5245,1.0,0.026649255819531238,7.362,-0.020313636831862707,
size,C_ar1_reads_carved,in_spec,35,,False,0.0,0.0,,c5_rank_autocorr,permutation,studentized,0.05,2000,2000,0,0,0.0515,0.004942051699446294,37.153,1.0,0.026210258695253324,5.503,-0.028918633784803034,
size,C_ar1_reads_carved,in_spec,35,,False,0.0,0.0,,c5_rank_autocorr,permutation,unstudentized,0.05,2000,2000,0,0,0.05,0.004873397172404482,37.153,1.0,0.026210258695253324,5.503,-0.028918633784803034,
size,C_ar1_reads_carved,in_spec,35,,False,0.0,0.0,,c6_exchangeability,permutation,,0.05,2000,2000,0,0,0.051,0.004919298730510275,37.153,1.0,0.026210258695253324,5.503,-0.028918633784803034,
size,C_ar1_reads_carved,in_spec,35,,False,0.0,0.0,,cvm_cramer_von_mises,permutation,,0.05,2000,2000,0,0,0.045,0.004635461142108733,37.153,1.0,0.026210258695253324,5.503,-0.028918633784803034,
size,A_iid_weibull,in_spec,50,0.75,False,0.0,,,c1_lewis_robinson,asymptotic,,0.05,2000,2000,0,0,0.0575,0.005205465877325487,50.1805,1.0,0.019538691493830657,50.1805,-0.02023775992195947,
size,A_iid_weibull,in_spec,50,0.75,False,0.0,,,c1_lewis_robinson,permutation,,0.05,2000,2000,0,0,0.0505,0.00489641450451246,50.1805,1.0,0.019538691493830657,50.1805,-0.02023775992195947,
size,A_iid_weibull,in_spec,50,0.75,False,0.0,,,c2_anderson_darling,asymptotic,,0.05,2000,2000,0,0,0.055,0.005097793640389928,50.1805,1.0,0.019538691493830657,50.1805,-0.02023775992195947,
size,A_iid_weibull,in_spec,50,0.75,False,0.0,,,c2_anderson_darling,permutation,,0.05,2000,2000,0,0,0.0525,0.004987171041783107,50.1805,1.0,0.019538691493830657,50.1805,-0.02023775992195947,
size,A_iid_weibull,in_spec,50,0.75,False,0.0,,,c5_rank_autocorr,permutation,studentized,0.05,2000,2000,0,0,0.0465,0.004708383480558906,50.1805,1.0,0.019538691493830657,50.1805,-0.02023775992195947,
size,A_iid_weibull,in_spec,50,0.75,False,0.0,,,c5_rank_autocorr,permutation,unstudentized,0.05,2000,2000,0,0,0.0525,0.004987171041783107,50.1805,1.0,0.019538691493830657,50.1805,-0.02023775992195947,
size,A_iid_weibull,in_spec,50,0.75,False,0.0,,,c6_exchangeability,permutation,,0.05,2000,2000,0,0,0.051,0.004919298730510275,50.1805,1.0,0.019538691493830657,50.1805,-0.02023775992195947,
size,A_iid_weibull,in_spec,50,0.75,False,0.0,,,cvm_cramer_von_mises,asymptotic,,0.05,2000,2000,0,0,0.0515,0.004942051699446294,50.1805,1.0,0.019538691493830657,50.1805,-0.02023775992195947,
size,A_iid_weibull,in_spec,50,0.75,False,0.0,,,cvm_cramer_von_mises,permutation,,0.05,2000,2000,0,0,0.0505,0.00489641450451246,50.1805,1.0,0.019538691493830657,50.1805,-0.02023775992195947,
size,A_iid_weibull,in_spec,50,0.75,False,0.03,,,c1_lewis_robinson,asymptotic,,0.05,2000,2000,0,0,0.064,0.005472842040475863,50.964,2.0,0.03776149837625557,50.964,-0.022951893601460344,
size,A_iid_weibull,in_spec,50,0.75,False,0.03,,,c1_lewis_robinson,permutation,,0.05,2000,2000,0,0,0.0455,0.004659922209651144,50.964,2.0,0.03776149837625557,50.964,-0.022951893601460344,
size,A_iid_weibull,in_spec,50,0.75,False,0.03,,,c2_anderson_darling,permutation,,0.05,2000,2000,0,0,0.0455,0.004659922209651144,50.964,2.0,0.03776149837625557,50.964,-0.022951893601460344,
size,A_iid_weibull,in_spec,50,0.75,False,0.03,,,c5_rank_autocorr,permutation,studentized,0.05,2000,2000,0,0,0.045,0.004635461142108733,50.964,2.0,0.03776149837625557,50.964,-0.022951893601460344,
size,A_iid_weibull,in_spec,50,0.75,False,0.03,,,c5_rank_autocorr,permutation,unstudentized,0.05,2000,2000,0,0,0.0465,0.004708383480558906,50.964,2.0,0.03776149837625557,50.964,-0.022951893601460344,
size,A_iid_weibull,in_spec,50,0.75,False,0.03,,,c6_exchangeability,permutation,,0.05,2000,2000,0,0,0.0495,0.004850244839180801,50.964,2.0,0.03776149837625557,50.964,-0.022951893601460344,
size,A_iid_weibull,in_spec,50,0.75,False,0.03,,,cvm_cramer_von_mises,permutation,,0.05,2000,2000,0,0,0.048,0.0047799581588126895,50.964,2.0,0.03776149837625557,50.964,-0.022951893601460344,
size,A_iid_weibull,in_spec,50,0.75,False,0.25,,,c1_lewis_robinson,asymptotic,,0.05,2000,2000,0,0,0.167,0.008339994004794009,53.4165,9.2505,0.14761357652352913,53.4165,-0.047227743237953305,
size,A_iid_weibull,in_spec,50,0.75,False,0.25,,,c1_lewis_robinson,permutation,,0.05,2000,2000,0,0,0.0545,0.005075911248239078,53.4165,9.2505,0.14761357652352913,53.4165,-0.047227743237953305,
size,A_iid_weibull,in_spec,50,0.75,False,0.25,,,c2_anderson_darling,permutation,,0.05,2000,2000,0,0,0.0495,0.004850244839180801,53.4165,9.2505,0.14761357652352913,53.4165,-0.047227743237953305,
size,A_iid_weibull,in_spec,50,0.75,False,0.25,,,c5_rank_autocorr,permutation,studentized,0.05,2000,2000,0,0,0.051,0.004919298730510275,53.4165,9.2505,0.14761357652352913,53.4165,-0.047227743237953305,
size,A_iid_weibull,in_spec,50,0.75,False,0.25,,,c5_rank_autocorr,permutation,unstudentized,0.05,2000,2000,0,0,0.049,0.0048269555622566076,53.4165,9.2505,0.14761357652352913,53.4165,-0.047227743237953305,
size,A_iid_weibull,in_spec,50,0.75,False,0.25,,,c6_exchangeability,permutation,,0.05,2000,2000,0,0,0.046,0.00468422885862764,53.4165,9.2505,0.14761357652352913,53.4165,-0.047227743237953305,
size,A_iid_weibull,in_spec,50,0.75,False,0.25,,,cvm_cramer_von_mises,permutation,,0.05,2000,2000,0,0,0.051,0.004919298730510275,53.4165,9.2505,0.14761357652352913,53.4165,-0.047227743237953305,
size,A_iid_weibull,in_spec,50,0.75,True,0.0,,,c1_lewis_robinson,asymptotic,,0.05,2000,2000,0,0,0.0595,0.005289600646551685,42.3945,1.0,0.023044395027019552,10.131,-0.024713233481785495,
size,A_iid_weibull,in_spec,50,0.75,True,0.0,,,c1_lewis_robinson,permutation,,0.05,2000,2000,0,0,0.0455,0.004659922209651144,42.3945,1.0,0.023044395027019552,10.131,-0.024713233481785495,
size,A_iid_weibull,in_spec,50,0.75,True,0.0,,,c2_anderson_darling,asymptotic,,0.05,2000,2000,0,0,0.0535,0.005031786462082826,42.3945,1.0,0.023044395027019552,10.131,-0.024713233481785495,
size,A_iid_weibull,in_spec,50,0.75,True,0.0,,,c2_anderson_darling,permutation,,0.05,2000,2000,0,0,0.0445,0.004610843198374892,42.3945,1.0,0.023044395027019552,10.131,-0.024713233481785495,
size,A_iid_weibull,in_spec,50,0.75,True,0.0,,,c5_rank_autocorr,permutation,studentized,0.05,2000,2000,0,0,0.049,0.0048269555622566076,42.3945,1.0,0.023044395027019552,10.131,-0.024713233481785495,
size,A_iid_weibull,in_spec,50,0.75,True,0.0,,,c5_rank_autocorr,permutation,unstudentized,0.05,2000,2000,0,0,0.05,0.004873397172404482,42.3945,1.0,0.023044395027019552,10.131,-0.024713233481785495,
size,A_iid_weibull,in_spec,50,0.75,True,0.0,,,c6_exchangeability,permutation,,0.05,2000,2000,0,0,0.0435,0.004561126505590478,42.3945,1.0,0.023044395027019552,10.131,-0.024713233481785495,
size,A_iid_weibull,in_spec,50,0.75,True,0.0,,,cvm_cramer_von_mises,asymptotic,,0.05,2000,2000,0,0,0.0555,0.005119558086397693,42.3945,1.0,0.023044395027019552,10.131,-0.024713233481785495,
size,A_iid_weibull,in_spec,50,0.75,True,0.0,,,cvm_cramer_von_mises,permutation,,0.05,2000,2000,0,0,0.0485,0.004803527349771208,42.3945,1.0,0.023044395027019552,10.131,-0.024713233481785495,
size,A_iid_weibull,in_spec,50,0.75,True,0.03,,,c1_lewis_robinson,asymptotic,,0.05,2000,2000,0,0,0.0655,0.005532167296819575,42.4685,2.0,0.04497565692568897,9.9295,-0.02615810514265253,
size,A_iid_weibull,in_spec,50,0.75,True,0.03,,,c1_lewis_robinson,permutation,,0.05,2000,2000,0,0,0.0465,0.004708383480558906,42.4685,2.0,0.04497565692568897,9.9295,-0.02615810514265253,
size,A_iid_weibull,in_spec,50,0.75,True,0.03,,,c2_anderson_darling,permutation,,0.05,2000,2000,0,0,0.05,0.004873397172404482,42.4685,2.0,0.04497565692568897,9.9295,-0.02615810514265253,
size,A_iid_weibull,in_spec,50,0.75,True,0.03,,,c5_rank_autocorr,permutation,studentized,0.05,2000,2000,0,0,0.0415,0.004459694496263169,42.4685,2.0,0.04497565692568897,9.9295,-0.02615810514265253,
size,A_iid_weibull,in_spec,50,0.75,True,0.03,,,c5_rank_autocorr,permutation,unstudentized,0.05,2000,2000,0,0,0.044,0.0045860658521220555,42.4685,2.0,0.04497565692568897,9.9295,-0.02615810514265253,
size,A_iid_weibull,in_spec,50,0.75,True,0.03,,,c6_exchangeability,permutation,,0.05,2000,2000,0,0,0.0455,0.004659922209651144,42.4685,2.0,0.04497565692568897,9.9295,-0.02615810514265253,
size,A_iid_weibull,in_spec,50,0.75,True,0.03,,,cvm_cramer_von_mises,permutation,,0.05,2000,2000,0,0,0.0455,0.004659922209651144,42.4685,2.0,0.04497565692568897,9.9295,-0.02615810514265253,
size,A_iid_weibull,in_spec,50,0.75,True,0.25,,,c1_lewis_robinson,asymptotic,,0.05,2000,1722,278,0,0.1521486643437863,0.008655204884486777,44.57955865272938,9.199767711962833,0.17106513476157567,8.087108013937282,-0.054875299683692834,"ValueError: gamma_hat is zero: every gap is identical, so the statistic it scales is undefined. A fully quantised duration vector (every window one read long) r"
size,A_iid_weibull,in_spec,50,0.75,True,0.25,,,c1_lewis_robinson,permutation,,0.05,2000,1722,278,0,0.052845528455284556,0.005391355330363438,44.57955865272938,9.199767711962833,0.17106513476157567,8.087108013937282,-0.054875299683692834,"ValueError: gamma_hat is zero: every gap is identical, so the statistic it scales is undefined. A fully quantised duration vector (every window one read long) r"
size,A_iid_weibull,in_spec,50,0.75,True,0.25,,,c2_anderson_darling,permutation,,0.05,2000,1722,278,0,0.05110336817653891,0.005306615747860639,44.57955865272938,9.199767711962833,0.17106513476157567,8.087108013937282,-0.054875299683692834,"ValueError: gamma_hat is zero: every gap is identical, so the statistic it scales is undefined. A fully quantised duration vector (every window one read long) r"
size,A_iid_weibull,in_spec,50,0.75,True,0.25,,,c5_rank_autocorr,permutation,studentized,0.05,2000,1722,278,0,0.050522648083623695,0.005277992686874027,44.57955865272938,9.199767711962833,0.17106513476157567,8.087108013937282,-0.054875299683692834,"ValueError: gamma_hat is zero: every gap is identical, so the statistic it scales is undefined. A fully quantised duration vector (every window one read long) r"
size,A_iid_weibull,in_spec,50,0.75,True,0.25,,,c5_rank_autocorr,permutation,unstudentized,0.05,2000,1722,278,0,0.04413472706155633,0.004949621516094842,44.57955865272938,9.199767711962833,0.17106513476157567,8.087108013937282,-0.054875299683692834,"ValueError: gamma_hat is zero: every gap is identical, so the statistic it scales is undefined. A fully quantised duration vector (every window one read long) r"
size,A_iid_weibull,in_spec,50,0.75,True,0.25,,,c6_exchangeability,permutation,,0.05,2000,1722,278,0,0.04529616724738676,0.005011277901108569,44.57955865272938,9.199767711962833,0.17106513476157567,8.087108013937282,-0.054875299683692834,"ValueError: gamma_hat is zero: every gap is identical, so the statistic it scales is undefined. A fully quantised duration vector (every window one read long) r"
size,A_iid_weibull,in_spec,50,0.75,True,0.25,,,cvm_cramer_von_mises,permutation,,0.05,2000,1722,278,0,0.052845528455284556,0.005391355330363438,44.57955865272938,9.199767711962833,0.17106513476157567,8.087108013937282,-0.054875299683692834,"ValueError: gamma_hat is zero: every gap is identical, so the statistic it scales is undefined. A fully quantised duration vector (every window one read long) r"
size,D_trp_power_law,in_spec,50,0.75,False,0.0,,1.0,c1_lewis_robinson,asymptotic,,0.05,2000,2000,0,0,0.0585,0.0052477495176503994,50.617,1.0,0.019373462231435382,50.617,-0.01863205119845093,
size,D_trp_power_law,in_spec,50,0.75,False,0.0,,1.0,c1_lewis_robinson,permutation,,0.05,2000,2000,0,0,0.054,0.005053909377897471,50.617,1.0,0.019373462231435382,50.617,-0.01863205119845093,
size,D_trp_power_law,in_spec,50,0.75,False,0.0,,1.0,c2_anderson_darling,asymptotic,,0.05,2000,2000,0,0,0.054,0.005053909377897471,50.617,1.0,0.019373462231435382,50.617,-0.01863205119845093,
size,D_trp_power_law,in_spec,50,0.75,False,0.0,,1.0,c2_anderson_darling,permutation,,0.05,2000,2000,0,0,0.0495,0.004850244839180801,50.617,1.0,0.019373462231435382,50.617,-0.01863205119845093,
size,D_trp_power_law,in_spec,50,0.75,False,0.0,,1.0,c5_rank_autocorr,permutation,studentized,0.05,2000,2000,0,0,0.047,0.00473238840333293,50.617,1.0,0.019373462231435382,50.617,-0.01863205119845093,
size,D_trp_power_law,in_spec,50,0.75,False,0.0,,1.0,c5_rank_autocorr,permutation,unstudentized,0.05,2000,2000,0,0,0.048,0.0047799581588126895,50.617,1.0,0.019373462231435382,50.617,-0.01863205119845093,
size,D_trp_power_law,in_spec,50,0.75,False,0.0,,1.0,c6_exchangeability,permutation,,0.05,2000,2000,0,0,0.051,0.004919298730510275,50.617,1.0,0.019373462231435382,50.617,-0.01863205119845093,
size,D_trp_power_law,in_spec,50,0.75,False,0.0,,1.0,cvm_cramer_von_mises,asymptotic,,0.05,2000,2000,0,0,0.051,0.004919298730510275,50.617,1.0,0.019373462231435382,50.617,-0.01863205119845093,
size,D_trp_power_law,in_spec,50,0.75,False,0.0,,1.0,cvm_cramer_von_mises,permutation,,0.05,2000,2000,0,0,0.051,0.004919298730510275,50.617,1.0,0.019373462231435382,50.617,-0.01863205119845093,
size,D_trp_power_law,in_spec,50,0.75,False,0.03,,1.0,c1_lewis_robinson,asymptotic,,0.05,2000,2000,0,0,0.07,0.005705260730238366,50.974,2.0,0.03775437006833541,50.974,-0.02042887892965546,
size,D_trp_power_law,in_spec,50,0.75,False,0.03,,1.0,c1_lewis_robinson,permutation,,0.05,2000,2000,0,0,0.049,0.0048269555622566076,50.974,2.0,0.03775437006833541,50.974,-0.02042887892965546,
size,D_trp_power_law,in_spec,50,0.75,False,0.03,,1.0,c2_anderson_darling,permutation,,0.05,2000,2000,0,0,0.0415,0.004459694496263169,50.974,2.0,0.03775437006833541,50.974,-0.02042887892965546,
size,D_trp_power_law,in_spec,50,0.75,False,0.03,,1.0,c5_rank_autocorr,permutation,studentized,0.05,2000,2000,0,0,0.0515,0.004942051699446294,50.974,2.0,0.03775437006833541,50.974,-0.02042887892965546,
size,D_trp_power_law,in_spec,50,0.75,False,0.03,,1.0,c5_rank_autocorr,permutation,unstudentized,0.05,2000,2000,0,0,0.0485,0.004803527349771208,50.974,2.0,0.03775437006833541,50.974,-0.02042887892965546,
size,D_trp_power_law,in_spec,50,0.75,False,0.03,,1.0,c6_exchangeability,permutation,,0.05,2000,2000,0,0,0.044,0.0045860658521220555,50.974,2.0,0.03775437006833541,50.974,-0.02042887892965546,
size,D_trp_power_law,in_spec,50,0.75,False,0.03,,1.0,cvm_cramer_von_mises,permutation,,0.05,2000,2000,0,0,0.046,0.00468422885862764,50.974,2.0,0.03775437006833541,50.974,-0.02042887892965546,
size,D_trp_power_law,in_spec,50,0.75,False,0.25,,1.0,c1_lewis_robinson,asymptotic,,0.05,2000,2000,0,0,0.1545,0.008081761874739938,53.761,9.2915,0.14736132587922762,53.761,-0.04981491282016599,
size,D_trp_power_law,in_spec,50,0.75,False,0.25,,1.0,c1_lewis_robinson,permutation,,0.05,2000,2000,0,0,0.0525,0.004987171041783107,53.761,9.2915,0.14736132587922762,53.761,-0.04981491282016599,
size,D_trp_power_law,in_spec,50,0.75,False,0.25,,1.0,c2_anderson_darling,permutation,,0.05,2000,2000,0,0,0.043,0.004536022486716748,53.761,9.2915,0.14736132587922762,53.761,-0.04981491282016599,
size,D_trp_power_law,in_spec,50,0.75,False,0.25,,1.0,c5_rank_autocorr,permutation,studentized,0.05,2000,2000,0,0,0.0485,0.004803527349771208,53.761,9.2915,0.14736132587922762,53.761,-0.04981491282016599,
size,D_trp_power_law,in_spec,50,0.75,False,0.25,,1.0,c5_rank_autocorr,permutation,unstudentized,0.05,2000,2000,0,0,0.048,0.0047799581588126895,53.761,9.2915,0.14736132587922762,53.761,-0.04981491282016599,
size,D_trp_power_law,in_spec,50,0.75,False,0.25,,1.0,c6_exchangeability,permutation,,0.05,2000,2000,0,0,0.0525,0.004987171041783107,53.761,9.2915,0.14736132587922762,53.761,-0.04981491282016599,
size,D_trp_power_law,in_spec,50,0.75,False,0.25,,1.0,cvm_cramer_von_mises,permutation,,0.05,2000,2000,0,0,0.0465,0.004708383480558906,53.761,9.2915,0.14736132587922762,53.761,-0.04981491282016599,
size,E_copula_ar1_durations,in_spec,50,0.75,False,0.0,0.0,,c1_lewis_robinson,asymptotic,,0.05,2000,2000,0,0,0.057,0.00518415856238985,50.0555,1.0,0.019586528385776264,50.0555,-0.018468649450044197,
size,E_copula_ar1_durations,in_spec,50,0.75,False,0.0,0.0,,c1_lewis_robinson,permutation,,0.05,2000,2000,0,0,0.0465,0.004708383480558906,50.0555,1.0,0.019586528385776264,50.0555,-0.018468649450044197,
size,E_copula_ar1_durations,in_spec,50,0.75,False,0.0,0.0,,c2_anderson_darling,asymptotic,,0.05,2000,2000,0,0,0.05,0.004873397172404482,50.0555,1.0,0.019586528385776264,50.0555,-0.018468649450044197,
size,E_copula_ar1_durations,in_spec,50,0.75,False,0.0,0.0,,c2_anderson_darling,permutation,,0.05,2000,2000,0,0,0.044,0.0045860658521220555,50.0555,1.0,0.019586528385776264,50.0555,-0.018468649450044197,
size,E_copula_ar1_durations,in_spec,50,0.75,False,0.0,0.0,,c5_rank_autocorr,permutation,studentized,0.05,2000,2000,0,0,0.0605,0.005331029450303197,50.0555,1.0,0.019586528385776264,50.0555,-0.018468649450044197,
size,E_copula_ar1_durations,in_spec,50,0.75,False,0.0,0.0,,c5_rank_autocorr,permutation,unstudentized,0.05,2000,2000,0,0,0.052,0.004964675215963275,50.0555,1.0,0.019586528385776264,50.0555,-0.018468649450044197,
size,E_copula_ar1_durations,in_spec,50,0.75,False,0.0,0.0,,c6_exchangeability,permutation,,0.05,2000,2000,0,0,0.0585,0.0052477495176503994,50.0555,1.0,0.019586528385776264,50.0555,-0.018468649450044197,
size,E_copula_ar1_durations,in_spec,50,0.75,False,0.0,0.0,,cvm_cramer_von_mises,asymptotic,,0.05,2000,2000,0,0,0.05,0.004873397172404482,50.0555,1.0,0.019586528385776264,50.0555,-0.018468649450044197,
size,E_copula_ar1_durations,in_spec,50,0.75,False,0.0,0.0,,cvm_cramer_von_mises,permutation,,0.05,2000,2000,0,0,0.047,0.00473238840333293,50.0555,1.0,0.019586528385776264,50.0555,-0.018468649450044197,
size,A_iid_weibull,in_spec,50,1.5,False,0.0,,,c1_lewis_robinson,asymptotic,,0.05,2000,2000,0,0,0.06,0.0053103672189407005,49.613,1.0,0.019757769742951417,49.613,-0.02400440227839249,
size,A_iid_weibull,in_spec,50,1.5,False,0.0,,,c1_lewis_robinson,permutation,,0.05,2000,2000,0,0,0.054,0.005053909377897471,49.613,1.0,0.019757769742951417,49.613,-0.02400440227839249,
size,A_iid_weibull,in_spec,50,1.5,False,0.0,,,c2_anderson_darling,asymptotic,,0.05,2000,2000,0,0,0.061,0.005351588549206675,49.613,1.0,0.019757769742951417,49.613,-0.02400440227839249,
size,A_iid_weibull,in_spec,50,1.5,False,0.0,,,c2_anderson_darling,permutation,,0.05,2000,2000,0,0,0.05,0.004873397172404482,49.613,1.0,0.019757769742951417,49.613,-0.02400440227839249,
size,A_iid_weibull,in_spec,50,1.5,False,0.0,,,c5_rank_autocorr,permutation,studentized,0.05,2000,2000,0,0,0.0455,0.004659922209651144,49.613,1.0,0.019757769742951417,49.613,-0.02400440227839249,
size,A_iid_weibull,in_spec,50,1.5,False,0.0,,,c5_rank_autocorr,permutation,unstudentized,0.05,2000,2000,0,0,0.049,0.0048269555622566076,49.613,1.0,0.019757769742951417,49.613,-0.02400440227839249,
size,A_iid_weibull,in_spec,50,1.5,False,0.0,,,c6_exchangeability,permutation,,0.05,2000,2000,0,0,0.045,0.004635461142108733,49.613,1.0,0.019757769742951417,49.613,-0.02400440227839249,
size,A_iid_weibull,in_spec,50,1.5,False,0.0,,,cvm_cramer_von_mises,asymptotic,,0.05,2000,2000,0,0,0.0615,0.005372045699731156,49.613,1.0,0.019757769742951417,49.613,-0.02400440227839249,
size,A_iid_weibull,in_spec,50,1.5,False,0.0,,,cvm_cramer_von_mises,permutation,,0.05,2000,2000,0,0,0.0555,0.005119558086397693,49.613,1.0,0.019757769742951417,49.613,-0.02400440227839249,
size,A_iid_weibull,in_spec,50,1.5,False,0.03,,,c1_lewis_robinson,asymptotic,,0.05,2000,2000,0,0,0.0615,0.005372045699731156,49.484,2.0,0.03884702043353275,49.484,-0.018552890122676986,
size,A_iid_weibull,in_spec,50,1.5,False,0.03,,,c1_lewis_robinson,permutation,,0.05,2000,2000,0,0,0.0445,0.004610843198374892,49.484,2.0,0.03884702043353275,49.484,-0.018552890122676986,
size,A_iid_weibull,in_spec,50,1.5,False,0.03,,,c2_anderson_darling,permutation,,0.05,2000,2000,0,0,0.039,0.004328914413568372,49.484,2.0,0.03884702043353275,49.484,-0.018552890122676986,
size,A_iid_weibull,in_spec,50,1.5,False,0.03,,,c5_rank_autocorr,permutation,studentized,0.05,2000,2000,0,0,0.053,0.005009540897128199,49.484,2.0,0.03884702043353275,49.484,-0.018552890122676986,
size,A_iid_weibull,in_spec,50,1.5,False,0.03,,,c5_rank_autocorr,permutation,unstudentized,0.05,2000,2000,0,0,0.056,0.005141206084179081,49.484,2.0,0.03884702043353275,49.484,-0.018552890122676986,
size,A_iid_weibull,in_spec,50,1.5,False,0.03,,,c6_exchangeability,permutation,,0.05,2000,2000,0,0,0.055,0.005097793640389928,49.484,2.0,0.03884702043353275,49.484,-0.018552890122676986,
size,A_iid_weibull,in_spec,50,1.5,False,0.03,,,cvm_cramer_von_mises,permutation,,0.05,2000,2000,0,0,0.039,0.004328914413568372,49.484,2.0,0.03884702043353275,49.484,-0.018552890122676986,
size,A_iid_weibull,in_spec,50,1.5,False,0.25,,,c1_lewis_robinson,asymptotic,,0.05,2000,2000,0,0,0.229,0.009395717109406818,47.053,9.937,0.17436392349535007,47.053,-0.03385376444792247,
size,A_iid_weibull,in_spec,50,1.5,False,0.25,,,c1_lewis_robinson,permutation,,0.05,2000,2000,0,0,0.048,0.0047799581588126895,47.053,9.937,0.17436392349535007,47.053,-0.03385376444792247,
size,A_iid_weibull,in_spec,50,1.5,False,0.25,,,c2_anderson_darling,permutation,,0.05,2000,2000,0,0,0.0525,0.004987171041783107,47.053,9.937,0.17436392349535007,47.053,-0.03385376444792247,
size,A_iid_weibull,in_spec,50,1.5,False,0.25,,,c5_rank_autocorr,permutation,studentized,0.05,2000,2000,0,0,0.043,0.004536022486716748,47.053,9.937,0.17436392349535007,47.053,-0.03385376444792247,
size,A_iid_weibull,in_spec,50,1.5,False,0.25,,,c5_rank_autocorr,permutation,unstudentized,0.05,2000,2000,0,0,0.047,0.00473238840333293,47.053,9.937,0.17436392349535007,47.053,-0.03385376444792247,
size,A_iid_weibull,in_spec,50,1.5,False,0.25,,,c6_exchangeability,permutation,,0.05,2000,2000,0,0,0.051,0.004919298730510275,47.053,9.937,0.17436392349535007,47.053,-0.03385376444792247,
size,A_iid_weibull,in_spec,50,1.5,False,0.25,,,cvm_cramer_von_mises,permutation,,0.05,2000,2000,0,0,0.051,0.004919298730510275,47.053,9.937,0.17436392349535007,47.053,-0.03385376444792247,
size,A_iid_weibull,in_spec,50,1.5,True,0.0,,,c1_lewis_robinson,asymptotic,,0.05,2000,2000,0,0,0.062,0.005392402062161166,42.5895,1.0,0.022941304671996697,8.254,-0.02199160348581688,
size,A_iid_weibull,in_spec,50,1.5,True,0.0,,,c1_lewis_robinson,permutation,,0.05,2000,2000,0,0,0.052,0.004964675215963275,42.5895,1.0,0.022941304671996697,8.254,-0.02199160348581688,
size,A_iid_weibull,in_spec,50,1.5,True,0.0,,,c2_anderson_darling,asymptotic,,0.05,2000,2000,0,0,0.066,0.005551756478809206,42.5895,1.0,0.022941304671996697,8.254,-0.02199160348581688,
size,A_iid_weibull,in_spec,50,1.5,True,0.0,,,c2_anderson_darling,permutation,,0.05,2000,2000,0,0,0.0505,0.00489641450451246,42.5895,1.0,0.022941304671996697,8.254,-0.02199160348581688,
size,A_iid_weibull,in_spec,50,1.5,True,0.0,,,c5_rank_autocorr,permutation,studentized,0.05,2000,2000,0,0,0.046,0.00468422885862764,42.5895,1.0,0.022941304671996697,8.254,-0.02199160348581688,
size,A_iid_weibull,in_spec,50,1.5,True,0.0,,,c5_rank_autocorr,permutation,unstudentized,0.05,2000,2000,0,0,0.047,0.00473238840333293,42.5895,1.0,0.022941304671996697,8.254,-0.02199160348581688,
size,A_iid_weibull,in_spec,50,1.5,True,0.0,,,c6_exchangeability,permutation,,0.05,2000,2000,0,0,0.047,0.00473238840333293,42.5895,1.0,0.022941304671996697,8.254,-0.02199160348581688,
size,A_iid_weibull,in_spec,50,1.5,True,0.0,,,cvm_cramer_von_mises,asymptotic,,0.05,2000,2000,0,0,0.0595,0.005289600646551685,42.5895,1.0,0.022941304671996697,8.254,-0.02199160348581688,
size,A_iid_weibull,in_spec,50,1.5,True,0.0,,,cvm_cramer_von_mises,permutation,,0.05,2000,2000,0,0,0.05,0.004873397172404482,42.5895,1.0,0.022941304671996697,8.254,-0.02199160348581688,
size,A_iid_weibull,in_spec,50,1.5,True,0.03,,,c1_lewis_robinson,asymptotic,,0.05,2000,2000,0,0,0.0795,0.006048956521582875,42.431,2.0,0.04501361661902726,8.192,-0.02549259929041975,
size,A_iid_weibull,in_spec,50,1.5,True,0.03,,,c1_lewis_robinson,permutation,,0.05,2000,2000,0,0,0.054,0.005053909377897471,42.431,2.0,0.04501361661902726,8.192,-0.02549259929041975,
size,A_iid_weibull,in_spec,50,1.5,True,0.03,,,c2_anderson_darling,permutation,,0.05,2000,2000,0,0,0.0495,0.004850244839180801,42.431,2.0,0.04501361661902726,8.192,-0.02549259929041975,
size,A_iid_weibull,in_spec,50,1.5,True,0.03,,,c5_rank_autocorr,permutation,studentized,0.05,2000,2000,0,0,0.043,0.004536022486716748,42.431,2.0,0.04501361661902726,8.192,-0.02549259929041975,
size,A_iid_weibull,in_spec,50,1.5,True,0.03,,,c5_rank_autocorr,permutation,unstudentized,0.05,2000,2000,0,0,0.0415,0.004459694496263169,42.431,2.0,0.04501361661902726,8.192,-0.02549259929041975,
size,A_iid_weibull,in_spec,50,1.5,True,0.03,,,c6_exchangeability,permutation,,0.05,2000,2000,0,0,0.0525,0.004987171041783107,42.431,2.0,0.04501361661902726,8.192,-0.02549259929041975,
size,A_iid_weibull,in_spec,50,1.5,True,0.03,,,cvm_cramer_von_mises,permutation,,0.05,2000,2000,0,0,0.0475,0.004756245893559331,42.431,2.0,0.04501361661902726,8.192,-0.02549259929041975,
size,A_iid_weibull,in_spec,50,1.5,True,0.25,,,c1_lewis_robinson,asymptotic,,0.05,2000,1749,251,0,0.38593481989708406,0.011640437755126869,41.141795311606636,9.914236706689536,0.19418345521126126,7.598056032018296,-0.045245148274127074,"ValueError: gamma_hat is zero: every gap is identical, so the statistic it scales is undefined. A fully quantised duration vector (every window one read long) r"
size,A_iid_weibull,in_spec,50,1.5,True,0.25,,,c1_lewis_robinson,permutation,,0.05,2000,1749,251,0,0.04974271012006861,0.005198648112850696,41.141795311606636,9.914236706689536,0.19418345521126126,7.598056032018296,-0.045245148274127074,"ValueError: gamma_hat is zero: every gap is identical, so the statistic it scales is undefined. A fully quantised duration vector (every window one read long) r"
size,A_iid_weibull,in_spec,50,1.5,True,0.25,,,c2_anderson_darling,permutation,,0.05,2000,1749,251,0,0.0440251572327044,0.004905449226287712,41.141795311606636,9.914236706689536,0.19418345521126126,7.598056032018296,-0.045245148274127074,"ValueError: gamma_hat is zero: every gap is identical, so the statistic it scales is undefined. A fully quantised duration vector (every window one read long) r"
size,A_iid_weibull,in_spec,50,1.5,True,0.25,,,c5_rank_autocorr,permutation,studentized,0.05,2000,1749,251,0,0.04288164665523156,0.004844217612172358,41.141795311606636,9.914236706689536,0.19418345521126126,7.598056032018296,-0.045245148274127074,"ValueError: gamma_hat is zero: every gap is identical, so the statistic it scales is undefined. A fully quantised duration vector (every window one read long) r"
size,A_iid_weibull,in_spec,50,1.5,True,0.25,,,c5_rank_autocorr,permutation,unstudentized,0.05,2000,1749,251,0,0.04745568896512293,0.005083839492462003,41.141795311606636,9.914236706689536,0.19418345521126126,7.598056032018296,-0.045245148274127074,"ValueError: gamma_hat is zero: every gap is identical, so the statistic it scales is undefined. A fully quantised duration vector (every window one read long) r"
size,A_iid_weibull,in_spec,50,1.5,True,0.25,,,c6_exchangeability,permutation,,0.05,2000,1749,251,0,0.04288164665523156,0.004844217612172358,41.141795311606636,9.914236706689536,0.19418345521126126,7.598056032018296,-0.045245148274127074,"ValueError: gamma_hat is zero: every gap is identical, so the statistic it scales is undefined. A fully quantised duration vector (every window one read long) r"
size,A_iid_weibull,in_spec,50,1.5,True,0.25,,,cvm_cramer_von_mises,permutation,,0.05,2000,1749,251,0,0.04345340194396798,0.004874948728144503,41.141795311606636,9.914236706689536,0.19418345521126126,7.598056032018296,-0.045245148274127074,"ValueError: gamma_hat is zero: every gap is identical, so the statistic it scales is undefined. A fully quantised duration vector (every window one read long) r"
size,D_trp_power_law,in_spec,50,1.5,False,0.0,,1.0,c1_lewis_robinson,asymptotic,,0.05,2000,2000,0,0,0.057,0.00518415856238985,49.7355,1.0,0.019710064944663992,49.7355,-0.02167166775834493,
size,D_trp_power_law,in_spec,50,1.5,False,0.0,,1.0,c1_lewis_robinson,permutation,,0.05,2000,2000,0,0,0.0505,0.00489641450451246,49.7355,1.0,0.019710064944663992,49.7355,-0.02167166775834493,
size,D_trp_power_law,in_spec,50,1.5,False,0.0,,1.0,c2_anderson_darling,asymptotic,,0.05,2000,2000,0,0,0.0595,0.005289600646551685,49.7355,1.0,0.019710064944663992,49.7355,-0.02167166775834493,
size,D_trp_power_law,in_spec,50,1.5,False,0.0,,1.0,c2_anderson_darling,permutation,,0.05,2000,2000,0,0,0.052,0.004964675215963275,49.7355,1.0,0.019710064944663992,49.7355,-0.02167166775834493,
size,D_trp_power_law,in_spec,50,1.5,False,0.0,,1.0,c5_rank_autocorr,permutation,studentized,0.05,2000,2000,0,0,0.0515,0.004942051699446294,49.7355,1.0,0.019710064944663992,49.7355,-0.02167166775834493,
size,D_trp_power_law,in_spec,50,1.5,False,0.0,,1.0,c5_rank_autocorr,permutation,unstudentized,0.05,2000,2000,0,0,0.0485,0.004803527349771208,49.7355,1.0,0.019710064944663992,49.7355,-0.02167166775834493,
size,D_trp_power_law,in_spec,50,1.5,False,0.0,,1.0,c6_exchangeability,permutation,,0.05,2000,2000,0,0,0.0445,0.004610843198374892,49.7355,1.0,0.019710064944663992,49.7355,-0.02167166775834493,
size,D_trp_power_law,in_spec,50,1.5,False,0.0,,1.0,cvm_cramer_von_mises,asymptotic,,0.05,2000,2000,0,0,0.052,0.004964675215963275,49.7355,1.0,0.019710064944663992,49.7355,-0.02167166775834493,
size,D_trp_power_law,in_spec,50,1.5,False,0.0,,1.0,cvm_cramer_von_mises,permutation,,0.05,2000,2000,0,0,0.048,0.0047799581588126895,49.7355,1.0,0.019710064944663992,49.7355,-0.02167166775834493,
size,D_trp_power_law,in_spec,50,1.5,False,0.03,,1.0,c1_lewis_robinson,asymptotic,,0.05,2000,2000,0,0,0.0625,0.005412658773652742,49.5625,2.0,0.03878787878787879,49.5625,-0.022318639096400174,
size,D_trp_power_law,in_spec,50,1.5,False,0.03,,1.0,c1_lewis_robinson,permutation,,0.05,2000,2000,0,0,0.0455,0.004659922209651144,49.5625,2.0,0.03878787878787879,49.5625,-0.022318639096400174,
size,D_trp_power_law,in_spec,50,1.5,False,0.03,,1.0,c2_anderson_darling,permutation,,0.05,2000,2000,0,0,0.057,0.00518415856238985,49.5625,2.0,0.03878787878787879,49.5625,-0.022318639096400174,
size,D_trp_power_law,in_spec,50,1.5,False,0.03,,1.0,c5_rank_autocorr,permutation,studentized,0.05,2000,2000,0,0,0.054,0.005053909377897471,49.5625,2.0,0.03878787878787879,49.5625,-0.022318639096400174,
size,D_trp_power_law,in_spec,50,1.5,False,0.03,,1.0,c5_rank_autocorr,permutation,unstudentized,0.05,2000,2000,0,0,0.049,0.0048269555622566076,49.5625,2.0,0.03878787878787879,49.5625,-0.022318639096400174,
size,D_trp_power_law,in_spec,50,1.5,False,0.03,,1.0,c6_exchangeability,permutation,,0.05,2000,2000,0,0,0.0475,0.004756245893559331,49.5625,2.0,0.03878787878787879,49.5625,-0.022318639096400174,
size,D_trp_power_law,in_spec,50,1.5,False,0.03,,1.0,cvm_cramer_von_mises,permutation,,0.05,2000,2000,0,0,0.0535,0.005031786462082826,49.5625,2.0,0.03878787878787879,49.5625,-0.022318639096400174,
size,D_trp_power_law,in_spec,50,1.5,False,0.25,,1.0,c1_lewis_robinson,asymptotic,,0.05,2000,2000,0,0,0.227,0.009366723012879158,47.1665,9.944,0.17411859465422297,47.1665,-0.03405123557424586,
size,D_trp_power_law,in_spec,50,1.5,False,0.25,,1.0,c1_lewis_robinson,permutation,,0.05,2000,2000,0,0,0.053,0.005009540897128199,47.1665,9.944,0.17411859465422297,47.1665,-0.03405123557424586,
size,D_trp_power_law,in_spec,50,1.5,False,0.25,,1.0,c2_anderson_darling,permutation,,0.05,2000,2000,0,0,0.061,0.005351588549206675,47.1665,9.944,0.17411859465422297,47.1665,-0.03405123557424586,
size,D_trp_power_law,in_spec,50,1.5,False,0.25,,1.0,c5_rank_autocorr,permutation,studentized,0.05,2000,2000,0,0,0.046,0.00468422885862764,47.1665,9.944,0.17411859465422297,47.1665,-0.03405123557424586,
size,D_trp_power_law,in_spec,50,1.5,False,0.25,,1.0,c5_rank_autocorr,permutation,unstudentized,0.05,2000,2000,0,0,0.0505,0.00489641450451246,47.1665,9.944,0.17411859465422297,47.1665,-0.03405123557424586,
size,D_trp_power_law,in_spec,50,1.5,False,0.25,,1.0,c6_exchangeability,permutation,,0.05,2000,2000,0,0,0.049,0.0048269555622566076,47.1665,9.944,0.17411859465422297,47.1665,-0.03405123557424586,
size,D_trp_power_law,in_spec,50,1.5,False,0.25,,1.0,cvm_cramer_von_mises,permutation,,0.05,2000,2000,0,0,0.062,0.005392402062161166,47.1665,9.944,0.17411859465422297,47.1665,-0.03405123557424586,
size,E_copula_ar1_durations,in_spec,50,1.5,False,0.0,0.0,,c1_lewis_robinson,asymptotic,,0.05,2000,2000,0,0,0.0585,0.0052477495176503994,49.7615,1.0,0.019699969465047328,49.7615,-0.016931418919994067,
size,E_copula_ar1_durations,in_spec,50,1.5,False,0.0,0.0,,c1_lewis_robinson,permutation,,0.05,2000,2000,0,0,0.054,0.005053909377897471,49.7615,1.0,0.019699969465047328,49.7615,-0.016931418919994067,
size,E_copula_ar1_durations,in_spec,50,1.5,False,0.0,0.0,,c2_anderson_darling,asymptotic,,0.05,2000,2000,0,0,0.06,0.0053103672189407005,49.7615,1.0,0.019699969465047328,49.7615,-0.016931418919994067,
size,E_copula_ar1_durations,in_spec,50,1.5,False,0.0,0.0,,c2_anderson_darling,permutation,,0.05,2000,2000,0,0,0.0525,0.004987171041783107,49.7615,1.0,0.019699969465047328,49.7615,-0.016931418919994067,
size,E_copula_ar1_durations,in_spec,50,1.5,False,0.0,0.0,,c5_rank_autocorr,permutation,studentized,0.05,2000,2000,0,0,0.0515,0.004942051699446294,49.7615,1.0,0.019699969465047328,49.7615,-0.016931418919994067,
size,E_copula_ar1_durations,in_spec,50,1.5,False,0.0,0.0,,c5_rank_autocorr,permutation,unstudentized,0.05,2000,2000,0,0,0.051,0.004919298730510275,49.7615,1.0,0.019699969465047328,49.7615,-0.016931418919994067,
size,E_copula_ar1_durations,in_spec,50,1.5,False,0.0,0.0,,c6_exchangeability,permutation,,0.05,2000,2000,0,0,0.0495,0.004850244839180801,49.7615,1.0,0.019699969465047328,49.7615,-0.016931418919994067,
size,E_copula_ar1_durations,in_spec,50,1.5,False,0.0,0.0,,cvm_cramer_von_mises,asymptotic,,0.05,2000,2000,0,0,0.06,0.0053103672189407005,49.7615,1.0,0.019699969465047328,49.7615,-0.016931418919994067,
size,E_copula_ar1_durations,in_spec,50,1.5,False,0.0,0.0,,cvm_cramer_von_mises,permutation,,0.05,2000,2000,0,0,0.056,0.005141206084179081,49.7615,1.0,0.019699969465047328,49.7615,-0.016931418919994067,
size,B_iid_reads_carved,calendar,50,,False,0.0,,,c1_lewis_robinson,asymptotic,,0.05,2000,2000,0,0,0.054,0.005053909377897471,51.4655,1.0,0.01906014428529224,7.9835,-0.017146030131306014,
size,B_iid_reads_carved,calendar,50,,False,0.0,,,c1_lewis_robinson,permutation,,0.05,2000,2000,0,0,0.046,0.00468422885862764,51.4655,1.0,0.01906014428529224,7.9835,-0.017146030131306014,
size,B_iid_reads_carved,calendar,50,,False,0.0,,,c2_anderson_darling,asymptotic,,0.05,2000,2000,0,0,0.065,0.005512485827646181,51.4655,1.0,0.01906014428529224,7.9835,-0.017146030131306014,
size,B_iid_reads_carved,calendar,50,,False,0.0,,,c2_anderson_darling,permutation,,0.05,2000,2000,0,0,0.046,0.00468422885862764,51.4655,1.0,0.01906014428529224,7.9835,-0.017146030131306014,
size,B_iid_reads_carved,calendar,50,,False,0.0,,,c5_rank_autocorr,permutation,studentized,0.05,2000,2000,0,0,0.045,0.004635461142108733,51.4655,1.0,0.01906014428529224,7.9835,-0.017146030131306014,
size,B_iid_reads_carved,calendar,50,,False,0.0,,,c5_rank_autocorr,permutation,unstudentized,0.05,2000,2000,0,0,0.047,0.00473238840333293,51.4655,1.0,0.01906014428529224,7.9835,-0.017146030131306014,
size,B_iid_reads_carved,calendar,50,,False,0.0,,,c6_exchangeability,permutation,,0.05,2000,2000,0,0,0.0485,0.004803527349771208,51.4655,1.0,0.01906014428529224,7.9835,-0.017146030131306014,
size,B_iid_reads_carved,calendar,50,,False,0.0,,,cvm_cramer_von_mises,asymptotic,,0.05,2000,2000,0,0,0.055,0.005097793640389928,51.4655,1.0,0.01906014428529224,7.9835,-0.017146030131306014,
size,B_iid_reads_carved,calendar,50,,False,0.0,,,cvm_cramer_von_mises,permutation,,0.05,2000,2000,0,0,0.0495,0.004850244839180801,51.4655,1.0,0.01906014428529224,7.9835,-0.017146030131306014,
size,B_iid_reads_carved,in_spec,50,,False,0.0,,,c5_rank_autocorr,permutation,studentized,0.05,2000,2000,0,0,0.047,0.00473238840333293,51.9195,1.0,0.018896626007426375,5.9965,-0.018851269645584024,
size,B_iid_reads_carved,in_spec,50,,False,0.0,,,c5_rank_autocorr,permutation,unstudentized,0.05,2000,2000,0,0,0.0435,0.004561126505590478,51.9195,1.0,0.018896626007426375,5.9965,-0.018851269645584024,
size,B_iid_reads_carved,in_spec,50,,False,0.0,,,c6_exchangeability,permutation,,0.05,2000,2000,0,0,0.041,0.004433903472111228,51.9195,1.0,0.018896626007426375,5.9965,-0.018851269645584024,
size,B_iid_reads_carved,in_spec,50,,False,0.0,,,cvm_cramer_von_mises,permutation,,0.05,2000,2000,0,0,0.0465,0.004708383480558906,51.9195,1.0,0.018896626007426375,5.9965,-0.018851269645584024,
size,C_ar1_reads_carved,calendar,50,,False,0.0,0.0,,c1_lewis_robinson,asymptotic,,0.05,2000,2000,0,0,0.0645,0.005492711079239468,51.3405,1.0,0.019105663874055465,8.0125,-0.020081903576742093,
size,C_ar1_reads_carved,calendar,50,,False,0.0,0.0,,c1_lewis_robinson,permutation,,0.05,2000,2000,0,0,0.0525,0.004987171041783107,51.3405,1.0,0.019105663874055465,8.0125,-0.020081903576742093,
size,C_ar1_reads_carved,calendar,50,,False,0.0,0.0,,c2_anderson_darling,asymptotic,,0.05,2000,2000,0,0,0.073,0.005816829033072916,51.3405,1.0,0.019105663874055465,8.0125,-0.020081903576742093,
size,C_ar1_reads_carved,calendar,50,,False,0.0,0.0,,c2_anderson_darling,permutation,,0.05,2000,2000,0,0,0.0585,0.0052477495176503994,51.3405,1.0,0.019105663874055465,8.0125,-0.020081903576742093,
size,C_ar1_reads_carved,calendar,50,,False,0.0,0.0,,c5_rank_autocorr,permutation,studentized,0.05,2000,2000,0,0,0.054,0.005053909377897471,51.3405,1.0,0.019105663874055465,8.0125,-0.020081903576742093,
size,C_ar1_reads_carved,calendar,50,,False,0.0,0.0,,c5_rank_autocorr,permutation,unstudentized,0.05,2000,2000,0,0,0.055,0.005097793640389928,51.3405,1.0,0.019105663874055465,8.0125,-0.020081903576742093,
size,C_ar1_reads_carved,calendar,50,,False,0.0,0.0,,c6_exchangeability,permutation,,0.05,2000,2000,0,0,0.0475,0.004756245893559331,51.3405,1.0,0.019105663874055465,8.0125,-0.020081903576742093,
size,C_ar1_reads_carved,calendar,50,,False,0.0,0.0,,cvm_cramer_von_mises,asymptotic,,0.05,2000,2000,0,0,0.065,0.005512485827646181,51.3405,1.0,0.019105663874055465,8.0125,-0.020081903576742093,
size,C_ar1_reads_carved,calendar,50,,False,0.0,0.0,,cvm_cramer_von_mises,permutation,,0.05,2000,2000,0,0,0.0555,0.005119558086397693,51.3405,1.0,0.019105663874055465,8.0125,-0.020081903576742093,
size,C_ar1_reads_carved,in_spec,50,,False,0.0,0.0,,c5_rank_autocorr,permutation,studentized,0.05,2000,2000,0,0,0.044,0.0045860658521220555,52.0565,1.0,0.018847832028120966,6.031,-0.021039088161750322,
size,C_ar1_reads_carved,in_spec,50,,False,0.0,0.0,,c5_rank_autocorr,permutation,unstudentized,0.05,2000,2000,0,0,0.044,0.0045860658521220555,52.0565,1.0,0.018847832028120966,6.031,-0.021039088161750322,
size,C_ar1_reads_carved,in_spec,50,,False,0.0,0.0,,c6_exchangeability,permutation,,0.05,2000,2000,0,0,0.0455,0.004659922209651144,52.0565,1.0,0.018847832028120966,6.031,-0.021039088161750322,
size,C_ar1_reads_carved,in_spec,50,,False,0.0,0.0,,cvm_cramer_von_mises,permutation,,0.05,2000,2000,0,0,0.049,0.0048269555622566076,52.0565,1.0,0.018847832028120966,6.031,-0.021039088161750322,
size,A_iid_weibull,in_spec,75,0.75,False,0.0,,,c1_lewis_robinson,asymptotic,,0.05,2000,2000,0,0,0.046,0.00468422885862764,74.981,1.0,0.01316118503310038,74.981,-0.012345399314886738,
size,A_iid_weibull,in_spec,75,0.75,False,0.0,,,c1_lewis_robinson,permutation,,0.05,2000,2000,0,0,0.0435,0.004561126505590478,74.981,1.0,0.01316118503310038,74.981,-0.012345399314886738,
size,A_iid_weibull,in_spec,75,0.75,False,0.0,,,c2_anderson_darling,asymptotic,,0.05,2000,2000,0,0,0.0495,0.004850244839180801,74.981,1.0,0.01316118503310038,74.981,-0.012345399314886738,
size,A_iid_weibull,in_spec,75,0.75,False,0.0,,,c2_anderson_darling,permutation,,0.05,2000,2000,0,0,0.047,0.00473238840333293,74.981,1.0,0.01316118503310038,74.981,-0.012345399314886738,
size,A_iid_weibull,in_spec,75,0.75,False,0.0,,,c5_rank_autocorr,permutation,studentized,0.05,2000,2000,0,0,0.049,0.0048269555622566076,74.981,1.0,0.01316118503310038,74.981,-0.012345399314886738,
size,A_iid_weibull,in_spec,75,0.75,False,0.0,,,c5_rank_autocorr,permutation,unstudentized,0.05,2000,2000,0,0,0.0515,0.004942051699446294,74.981,1.0,0.01316118503310038,74.981,-0.012345399314886738,
size,A_iid_weibull,in_spec,75,0.75,False,0.0,,,c6_exchangeability,permutation,,0.05,2000,2000,0,0,0.048,0.0047799581588126895,74.981,1.0,0.01316118503310038,74.981,-0.012345399314886738,
size,A_iid_weibull,in_spec,75,0.75,False,0.0,,,cvm_cramer_von_mises,asymptotic,,0.05,2000,2000,0,0,0.0485,0.004803527349771208,74.981,1.0,0.01316118503310038,74.981,-0.012345399314886738,
size,A_iid_weibull,in_spec,75,0.75,False,0.0,,,cvm_cramer_von_mises,permutation,,0.05,2000,2000,0,0,0.0475,0.004756245893559331,74.981,1.0,0.01316118503310038,74.981,-0.012345399314886738,
size,A_iid_weibull,in_spec,75,0.75,False,0.03,,,c1_lewis_robinson,asymptotic,,0.05,2000,2000,0,0,0.0565,0.005162739098579358,76.058,2.0,0.025621973404391603,76.058,-0.012268090244099252,
size,A_iid_weibull,in_spec,75,0.75,False,0.03,,,c1_lewis_robinson,permutation,,0.05,2000,2000,0,0,0.044,0.0045860658521220555,76.058,2.0,0.025621973404391603,76.058,-0.012268090244099252,
size,A_iid_weibull,in_spec,75,0.75,False,0.03,,,c2_anderson_darling,permutation,,0.05,2000,2000,0,0,0.0415,0.004459694496263169,76.058,2.0,0.025621973404391603,76.058,-0.012268090244099252,
size,A_iid_weibull,in_spec,75,0.75,False,0.03,,,c5_rank_autocorr,permutation,studentized,0.05,2000,2000,0,0,0.06,0.0053103672189407005,76.058,2.0,0.025621973404391603,76.058,-0.012268090244099252,
size,A_iid_weibull,in_spec,75,0.75,False,0.03,,,c5_rank_autocorr,permutation,unstudentized,0.05,2000,2000,0,0,0.0585,0.0052477495176503994,76.058,2.0,0.025621973404391603,76.058,-0.012268090244099252,
size,A_iid_weibull,in_spec,75,0.75,False,0.03,,,c6_exchangeability,permutation,,0.05,2000,2000,0,0,0.058,0.0052266624149642565,76.058,2.0,0.025621973404391603,76.058,-0.012268090244099252,
size,A_iid_weibull,in_spec,75,0.75,False,0.03,,,cvm_cramer_von_mises,permutation,,0.05,2000,2000,0,0,0.0425,0.0045107510461119445,76.058,2.0,0.025621973404391603,76.058,-0.012268090244099252,
size,A_iid_weibull,in_spec,75,0.75,False,0.25,,,c1_lewis_robinson,asymptotic,,0.05,2000,2000,0,0,0.195,0.008859317129440622,80.0625,13.854,0.14751401510916612,80.0625,-0.04183278771348799,
size,A_iid_weibull,in_spec,75,0.75,False,0.25,,,c1_lewis_robinson,permutation,,0.05,2000,2000,0,0,0.045,0.004635461142108733,80.0625,13.854,0.14751401510916612,80.0625,-0.04183278771348799,
size,A_iid_weibull,in_spec,75,0.75,False,0.25,,,c2_anderson_darling,permutation,,0.05,2000,2000,0,0,0.0555,0.005119558086397693,80.0625,13.854,0.14751401510916612,80.0625,-0.04183278771348799,
size,A_iid_weibull,in_spec,75,0.75,False,0.25,,,c5_rank_autocorr,permutation,studentized,0.05,2000,2000,0,0,0.05,0.004873397172404482,80.0625,13.854,0.14751401510916612,80.0625,-0.04183278771348799,
size,A_iid_weibull,in_spec,75,0.75,False,0.25,,,c5_rank_autocorr,permutation,unstudentized,0.05,2000,2000,0,0,0.042,0.004485309353879618,80.0625,13.854,0.14751401510916612,80.0625,-0.04183278771348799,
size,A_iid_weibull,in_spec,75,0.75,False,0.25,,,c6_exchangeability,permutation,,0.05,2000,2000,0,0,0.0455,0.004659922209651144,80.0625,13.854,0.14751401510916612,80.0625,-0.04183278771348799,
size,A_iid_weibull,in_spec,75,0.75,False,0.25,,,cvm_cramer_von_mises,permutation,,0.05,2000,2000,0,0,0.057,0.00518415856238985,80.0625,13.854,0.14751401510916612,80.0625,-0.04183278771348799,
size,A_iid_weibull,in_spec,75,0.75,True,0.0,,,c1_lewis_robinson,asymptotic,,0.05,2000,2000,0,0,0.0535,0.005031786462082826,63.2965,1.0,0.015552946116818176,11.863,-0.01792497128295116,
size,A_iid_weibull,in_spec,75,0.75,True,0.0,,,c1_lewis_robinson,permutation,,0.05,2000,2000,0,0,0.049,0.0048269555622566076,63.2965,1.0,0.015552946116818176,11.863,-0.01792497128295116,
size,A_iid_weibull,in_spec,75,0.75,True,0.0,,,c2_anderson_darling,asymptotic,,0.05,2000,2000,0,0,0.0485,0.004803527349771208,63.2965,1.0,0.015552946116818176,11.863,-0.01792497128295116,
size,A_iid_weibull,in_spec,75,0.75,True,0.0,,,c2_anderson_darling,permutation,,0.05,2000,2000,0,0,0.0475,0.004756245893559331,63.2965,1.0,0.015552946116818176,11.863,-0.01792497128295116,
size,A_iid_weibull,in_spec,75,0.75,True,0.0,,,c5_rank_autocorr,permutation,studentized,0.05,2000,2000,0,0,0.043,0.004536022486716748,63.2965,1.0,0.015552946116818176,11.863,-0.01792497128295116,
size,A_iid_weibull,in_spec,75,0.75,True,0.0,,,c5_rank_autocorr,permutation,unstudentized,0.05,2000,2000,0,0,0.041,0.004433903472111228,63.2965,1.0,0.015552946116818176,11.863,-0.01792497128295116,
size,A_iid_weibull,in_spec,75,0.75,True,0.0,,,c6_exchangeability,permutation,,0.05,2000,2000,0,0,0.0425,0.0045107510461119445,63.2965,1.0,0.015552946116818176,11.863,-0.01792497128295116,
size,A_iid_weibull,in_spec,75,0.75,True,0.0,,,cvm_cramer_von_mises,asymptotic,,0.05,2000,2000,0,0,0.0505,0.00489641450451246,63.2965,1.0,0.015552946116818176,11.863,-0.01792497128295116,
size,A_iid_weibull,in_spec,75,0.75,True,0.0,,,cvm_cramer_von_mises,permutation,,0.05,2000,2000,0,0,0.05,0.004873397172404482,63.2965,1.0,0.015552946116818176,11.863,-0.01792497128295116,
size,A_iid_weibull,in_spec,75,0.75,True,0.03,,,c1_lewis_robinson,asymptotic,,0.05,2000,2000,0,0,0.055,0.005097793640389928,64.4715,2.0,0.0300880828625802,11.671,-0.009648185251115169,
size,A_iid_weibull,in_spec,75,0.75,True,0.03,,,c1_lewis_robinson,permutation,,0.05,2000,2000,0,0,0.043,0.004536022486716748,64.4715,2.0,0.0300880828625802,11.671,-0.009648185251115169,
size,A_iid_weibull,in_spec,75,0.75,True,0.03,,,c2_anderson_darling,permutation,,0.05,2000,2000,0,0,0.049,0.0048269555622566076,64.4715,2.0,0.0300880828625802,11.671,-0.009648185251115169,
size,A_iid_weibull,in_spec,75,0.75,True,0.03,,,c5_rank_autocorr,permutation,studentized,0.05,2000,2000,0,0,0.048,0.0047799581588126895,64.4715,2.0,0.0300880828625802,11.671,-0.009648185251115169,
size,A_iid_weibull,in_spec,75,0.75,True,0.03,,,c5_rank_autocorr,permutation,unstudentized,0.05,2000,2000,0,0,0.048,0.0047799581588126895,64.4715,2.0,0.0300880828625802,11.671,-0.009648185251115169,
size,A_iid_weibull,in_spec,75,0.75,True,0.03,,,c6_exchangeability,permutation,,0.05,2000,2000,0,0,0.048,0.0047799581588126895,64.4715,2.0,0.0300880828625802,11.671,-0.009648185251115169,
size,A_iid_weibull,in_spec,75,0.75,True,0.03,,,cvm_cramer_von_mises,permutation,,0.05,2000,2000,0,0,0.0495,0.004850244839180801,64.4715,2.0,0.0300880828625802,11.671,-0.009648185251115169,
size,A_iid_weibull,in_spec,75,0.75,True,0.25,,,c1_lewis_robinson,asymptotic,,0.05,2000,1615,385,0,0.1417956656346749,0.00868041654997323,66.95851393188855,13.800619195046439,0.17088617300231548,9.014241486068112,-0.04966883907797925,"ValueError: gamma_hat is zero: every gap is identical, so the statistic it scales is undefined. A fully quantised duration vector (every window one read long) r"
size,A_iid_weibull,in_spec,75,0.75,True,0.25,,,c1_lewis_robinson,permutation,,0.05,2000,1615,385,0,0.043343653250773995,0.005067041624024608,66.95851393188855,13.800619195046439,0.17088617300231548,9.014241486068112,-0.04966883907797925,"ValueError: gamma_hat is zero: every gap is identical, so the statistic it scales is undefined. A fully quantised duration vector (every window one read long) r"
size,A_iid_weibull,in_spec,75,0.75,True,0.25,,,c2_anderson_darling,permutation,,0.05,2000,1615,385,0,0.04953560371517028,0.005399336484849004,66.95851393188855,13.800619195046439,0.17088617300231548,9.014241486068112,-0.04966883907797925,"ValueError: gamma_hat is zero: every gap is identical, so the statistic it scales is undefined. A fully quantised duration vector (every window one read long) r"
size,A_iid_weibull,in_spec,75,0.75,True,0.25,,,c5_rank_autocorr,permutation,studentized,0.05,2000,1615,385,0,0.04148606811145511,0.0049620837443693205,66.95851393188855,13.800619195046439,0.17088617300231548,9.014241486068112,-0.04966883907797925,"ValueError: gamma_hat is zero: every gap is identical, so the statistic it scales is undefined. A fully quantised duration vector (every window one read long) r"
size,A_iid_weibull,in_spec,75,0.75,True,0.25,,,c5_rank_autocorr,permutation,unstudentized,0.05,2000,1615,385,0,0.043343653250773995,0.005067041624024608,66.95851393188855,13.800619195046439,0.17088617300231548,9.014241486068112,-0.04966883907797925,"ValueError: gamma_hat is zero: every gap is identical, so the statistic it scales is undefined. A fully quantised duration vector (every window one read long) r"
size,A_iid_weibull,in_spec,75,0.75,True,0.25,,,c6_exchangeability,permutation,,0.05,2000,1615,385,0,0.04520123839009288,0.005169455806589477,66.95851393188855,13.800619195046439,0.17088617300231548,9.014241486068112,-0.04966883907797925,"ValueError: gamma_hat is zero: every gap is identical, so the statistic it scales is undefined. A fully quantised duration vector (every window one read long) r"
size,A_iid_weibull,in_spec,75,0.75,True,0.25,,,cvm_cramer_von_mises,permutation,,0.05,2000,1615,385,0,0.051393188854489166,0.005494265459310473,66.95851393188855,13.800619195046439,0.17088617300231548,9.014241486068112,-0.04966883907797925,"ValueError: gamma_hat is zero: every gap is identical, so the statistic it scales is undefined. A fully quantised duration vector (every window one read long) r"
size,D_trp_power_law,in_spec,75,0.75,False,0.0,,1.0,c1_lewis_robinson,asymptotic,,0.05,2000,2000,0,0,0.0595,0.005289600646551685,75.6535,1.0,0.013045718721258651,75.6535,-0.015173949251909841,
size,D_trp_power_law,in_spec,75,0.75,False,0.0,,1.0,c1_lewis_robinson,permutation,,0.05,2000,2000,0,0,0.056,0.005141206084179081,75.6535,1.0,0.013045718721258651,75.6535,-0.015173949251909841,
size,D_trp_power_law,in_spec,75,0.75,False,0.0,,1.0,c2_anderson_darling,asymptotic,,0.05,2000,2000,0,0,0.058,0.0052266624149642565,75.6535,1.0,0.013045718721258651,75.6535,-0.015173949251909841,
size,D_trp_power_law,in_spec,75,0.75,False,0.0,,1.0,c2_anderson_darling,permutation,,0.05,2000,2000,0,0,0.052,0.004964675215963275,75.6535,1.0,0.013045718721258651,75.6535,-0.015173949251909841,
size,D_trp_power_law,in_spec,75,0.75,False,0.0,,1.0,c5_rank_autocorr,permutation,studentized,0.05,2000,2000,0,0,0.0505,0.00489641450451246,75.6535,1.0,0.013045718721258651,75.6535,-0.015173949251909841,
size,D_trp_power_law,in_spec,75,0.75,False,0.0,,1.0,c5_rank_autocorr,permutation,unstudentized,0.05,2000,2000,0,0,0.0475,0.004756245893559331,75.6535,1.0,0.013045718721258651,75.6535,-0.015173949251909841,
size,D_trp_power_law,in_spec,75,0.75,False,0.0,,1.0,c6_exchangeability,permutation,,0.05,2000,2000,0,0,0.0435,0.004561126505590478,75.6535,1.0,0.013045718721258651,75.6535,-0.015173949251909841,
size,D_trp_power_law,in_spec,75,0.75,False,0.0,,1.0,cvm_cramer_von_mises,asymptotic,,0.05,2000,2000,0,0,0.054,0.005053909377897471,75.6535,1.0,0.013045718721258651,75.6535,-0.015173949251909841,
size,D_trp_power_law,in_spec,75,0.75,False,0.0,,1.0,cvm_cramer_von_mises,permutation,,0.05,2000,2000,0,0,0.0555,0.005119558086397693,75.6535,1.0,0.013045718721258651,75.6535,-0.015173949251909841,
size,D_trp_power_law,in_spec,75,0.75,False,0.03,,1.0,c1_lewis_robinson,asymptotic,,0.05,2000,2000,0,0,0.0575,0.005205465877325487,76.291,2.0,0.02554572045318108,76.291,-0.014211416653002878,
size,D_trp_power_law,in_spec,75,0.75,False,0.03,,1.0,c1_lewis_robinson,permutation,,0.05,2000,2000,0,0,0.049,0.0048269555622566076,76.291,2.0,0.02554572045318108,76.291,-0.014211416653002878,
size,D_trp_power_law,in_spec,75,0.75,False,0.03,,1.0,c2_anderson_darling,permutation,,0.05,2000,2000,0,0,0.046,0.00468422885862764,76.291,2.0,0.02554572045318108,76.291,-0.014211416653002878,
size,D_trp_power_law,in_spec,75,0.75,False,0.03,,1.0,c5_rank_autocorr,permutation,studentized,0.05,2000,2000,0,0,0.0475,0.004756245893559331,76.291,2.0,0.02554572045318108,76.291,-0.014211416653002878,
size,D_trp_power_law,in_spec,75,0.75,False,0.03,,1.0,c5_rank_autocorr,permutation,unstudentized,0.05,2000,2000,0,0,0.0445,0.004610843198374892,76.291,2.0,0.02554572045318108,76.291,-0.014211416653002878,
size,D_trp_power_law,in_spec,75,0.75,False,0.03,,1.0,c6_exchangeability,permutation,,0.05,2000,2000,0,0,0.0465,0.004708383480558906,76.291,2.0,0.02554572045318108,76.291,-0.014211416653002878,
size,D_trp_power_law,in_spec,75,0.75,False,0.03,,1.0,cvm_cramer_von_mises,permutation,,0.05,2000,2000,0,0,0.048,0.0047799581588126895,76.291,2.0,0.02554572045318108,76.291,-0.014211416653002878,
size,D_trp_power_law,in_spec,75,0.75,False,0.25,,1.0,c1_lewis_robinson,asymptotic,,0.05,2000,2000,0,0,0.18,0.008590692637965813,79.88,13.8675,0.14792394463852368,79.88,-0.044711272863411894,
size,D_trp_power_law,in_spec,75,0.75,False,0.25,,1.0,c1_lewis_robinson,permutation,,0.05,2000,2000,0,0,0.05,0.004873397172404482,79.88,13.8675,0.14792394463852368,79.88,-0.044711272863411894,
size,D_trp_power_law,in_spec,75,0.75,False,0.25,,1.0,c2_anderson_darling,permutation,,0.05,2000,2000,0,0,0.051,0.004919298730510275,79.88,13.8675,0.14792394463852368,79.88,-0.044711272863411894,
size,D_trp_power_law,in_spec,75,0.75,False,0.25,,1.0,c5_rank_autocorr,permutation,studentized,0.05,2000,2000,0,0,0.0425,0.0045107510461119445,79.88,13.8675,0.14792394463852368,79.88,-0.044711272863411894,
size,D_trp_power_law,in_spec,75,0.75,False,0.25,,1.0,c5_rank_autocorr,permutation,unstudentized,0.05,2000,2000,0,0,0.0515,0.004942051699446294,79.88,13.8675,0.14792394463852368,79.88,-0.044711272863411894,
size,D_trp_power_law,in_spec,75,0.75,False,0.25,,1.0,c6_exchangeability,permutation,,0.05,2000,2000,0,0,0.0515,0.004942051699446294,79.88,13.8675,0.14792394463852368,79.88,-0.044711272863411894,
size,D_trp_power_law,in_spec,75,0.75,False,0.25,,1.0,cvm_cramer_von_mises,permutation,,0.05,2000,2000,0,0,0.0455,0.004659922209651144,79.88,13.8675,0.14792394463852368,79.88,-0.044711272863411894,
size,E_copula_ar1_durations,in_spec,75,0.75,False,0.0,0.0,,c1_lewis_robinson,asymptotic,,0.05,2000,2000,0,0,0.046,0.00468422885862764,75.508,1.0,0.01307052857217546,75.508,-0.014419896142558966,
size,E_copula_ar1_durations,in_spec,75,0.75,False,0.0,0.0,,c1_lewis_robinson,permutation,,0.05,2000,2000,0,0,0.0445,0.004610843198374892,75.508,1.0,0.01307052857217546,75.508,-0.014419896142558966,
size,E_copula_ar1_durations,in_spec,75,0.75,False,0.0,0.0,,c2_anderson_darling,asymptotic,,0.05,2000,2000,0,0,0.0435,0.004561126505590478,75.508,1.0,0.01307052857217546,75.508,-0.014419896142558966,
size,E_copula_ar1_durations,in_spec,75,0.75,False,0.0,0.0,,c2_anderson_darling,permutation,,0.05,2000,2000,0,0,0.0465,0.004708383480558906,75.508,1.0,0.01307052857217546,75.508,-0.014419896142558966,
size,E_copula_ar1_durations,in_spec,75,0.75,False,0.0,0.0,,c5_rank_autocorr,permutation,studentized,0.05,2000,2000,0,0,0.0445,0.004610843198374892,75.508,1.0,0.01307052857217546,75.508,-0.014419896142558966,
size,E_copula_ar1_durations,in_spec,75,0.75,False,0.0,0.0,,c5_rank_autocorr,permutation,unstudentized,0.05,2000,2000,0,0,0.051,0.004919298730510275,75.508,1.0,0.01307052857217546,75.508,-0.014419896142558966,
size,E_copula_ar1_durations,in_spec,75,0.75,False,0.0,0.0,,c6_exchangeability,permutation,,0.05,2000,2000,0,0,0.05,0.004873397172404482,75.508,1.0,0.01307052857217546,75.508,-0.014419896142558966,
size,E_copula_ar1_durations,in_spec,75,0.75,False,0.0,0.0,,cvm_cramer_von_mises,asymptotic,,0.05,2000,2000,0,0,0.0485,0.004803527349771208,75.508,1.0,0.01307052857217546,75.508,-0.014419896142558966,
size,E_copula_ar1_durations,in_spec,75,0.75,False,0.0,0.0,,cvm_cramer_von_mises,permutation,,0.05,2000,2000,0,0,0.0495,0.004850244839180801,75.508,1.0,0.01307052857217546,75.508,-0.014419896142558966,
size,A_iid_weibull,in_spec,75,1.5,False,0.0,,,c1_lewis_robinson,asymptotic,,0.05,2000,2000,0,0,0.0445,0.004610843198374892,74.6065,1.0,0.013226376039097168,74.6065,-0.013882532094462757,
size,A_iid_weibull,in_spec,75,1.5,False,0.0,,,c1_lewis_robinson,permutation,,0.05,2000,2000,0,0,0.04,0.004381780460041329,74.6065,1.0,0.013226376039097168,74.6065,-0.013882532094462757,
size,A_iid_weibull,in_spec,75,1.5,False,0.0,,,c2_anderson_darling,asymptotic,,0.05,2000,2000,0,0,0.0495,0.004850244839180801,74.6065,1.0,0.013226376039097168,74.6065,-0.013882532094462757,
size,A_iid_weibull,in_spec,75,1.5,False,0.0,,,c2_anderson_darling,permutation,,0.05,2000,2000,0,0,0.0415,0.004459694496263169,74.6065,1.0,0.013226376039097168,74.6065,-0.013882532094462757,
size,A_iid_weibull,in_spec,75,1.5,False,0.0,,,c5_rank_autocorr,permutation,studentized,0.05,2000,2000,0,0,0.0435,0.004561126505590478,74.6065,1.0,0.013226376039097168,74.6065,-0.013882532094462757,
size,A_iid_weibull,in_spec,75,1.5,False,0.0,,,c5_rank_autocorr,permutation,unstudentized,0.05,2000,2000,0,0,0.046,0.00468422885862764,74.6065,1.0,0.013226376039097168,74.6065,-0.013882532094462757,
size,A_iid_weibull,in_spec,75,1.5,False,0.0,,,c6_exchangeability,permutation,,0.05,2000,2000,0,0,0.0525,0.004987171041783107,74.6065,1.0,0.013226376039097168,74.6065,-0.013882532094462757,
size,A_iid_weibull,in_spec,75,1.5,False,0.0,,,cvm_cramer_von_mises,asymptotic,,0.05,2000,2000,0,0,0.0465,0.004708383480558906,74.6065,1.0,0.013226376039097168,74.6065,-0.013882532094462757,
size,A_iid_weibull,in_spec,75,1.5,False,0.0,,,cvm_cramer_von_mises,permutation,,0.05,2000,2000,0,0,0.0435,0.004561126505590478,74.6065,1.0,0.013226376039097168,74.6065,-0.013882532094462757,
size,A_iid_weibull,in_spec,75,1.5,False,0.03,,,c1_lewis_robinson,asymptotic,,0.05,2000,2000,0,0,0.055,0.005097793640389928,74.1865,2.0,0.02625136999337153,74.1865,-0.010906553658684792,
size,A_iid_weibull,in_spec,75,1.5,False,0.03,,,c1_lewis_robinson,permutation,,0.05,2000,2000,0,0,0.0505,0.00489641450451246,74.1865,2.0,0.02625136999337153,74.1865,-0.010906553658684792,
size,A_iid_weibull,in_spec,75,1.5,False,0.03,,,c2_anderson_darling,permutation,,0.05,2000,2000,0,0,0.0515,0.004942051699446294,74.1865,2.0,0.02625136999337153,74.1865,-0.010906553658684792,
size,A_iid_weibull,in_spec,75,1.5,False,0.03,,,c5_rank_autocorr,permutation,studentized,0.05,2000,2000,0,0,0.0555,0.005119558086397693,74.1865,2.0,0.02625136999337153,74.1865,-0.010906553658684792,
size,A_iid_weibull,in_spec,75,1.5,False,0.03,,,c5_rank_autocorr,permutation,unstudentized,0.05,2000,2000,0,0,0.05,0.004873397172404482,74.1865,2.0,0.02625136999337153,74.1865,-0.010906553658684792,
size,A_iid_weibull,in_spec,75,1.5,False,0.03,,,c6_exchangeability,permutation,,0.05,2000,2000,0,0,0.0485,0.004803527349771208,74.1865,2.0,0.02625136999337153,74.1865,-0.010906553658684792,
size,A_iid_weibull,in_spec,75,1.5,False,0.03,,,cvm_cramer_von_mises,permutation,,0.05,2000,2000,0,0,0.0535,0.005031786462082826,74.1865,2.0,0.02625136999337153,74.1865,-0.010906553658684792,
size,A_iid_weibull,in_spec,75,1.5,False,0.25,,,c1_lewis_robinson,asymptotic,,0.05,2000,2000,0,0,0.2715,0.009944539959193687,70.8795,14.9085,0.17378304657994126,70.8795,-0.030666076606092028,
size,A_iid_weibull,in_spec,75,1.5,False,0.25,,,c1_lewis_robinson,permutation,,0.05,2000,2000,0,0,0.0495,0.004850244839180801,70.8795,14.9085,0.17378304657994126,70.8795,-0.030666076606092028,
size,A_iid_weibull,in_spec,75,1.5,False,0.25,,,c2_anderson_darling,permutation,,0.05,2000,2000,0,0,0.049,0.0048269555622566076,70.8795,14.9085,0.17378304657994126,70.8795,-0.030666076606092028,
size,A_iid_weibull,in_spec,75,1.5,False,0.25,,,c5_rank_autocorr,permutation,studentized,0.05,2000,2000,0,0,0.0545,0.005075911248239078,70.8795,14.9085,0.17378304657994126,70.8795,-0.030666076606092028,
size,A_iid_weibull,in_spec,75,1.5,False,0.25,,,c5_rank_autocorr,permutation,unstudentized,0.05,2000,2000,0,0,0.041,0.004433903472111228,70.8795,14.9085,0.17378304657994126,70.8795,-0.030666076606092028,
size,A_iid_weibull,in_spec,75,1.5,False,0.25,,,c6_exchangeability,permutation,,0.05,2000,2000,0,0,0.0405,0.004407933189148856,70.8795,14.9085,0.17378304657994126,70.8795,-0.030666076606092028,
size,A_iid_weibull,in_spec,75,1.5,False,0.25,,,cvm_cramer_von_mises,permutation,,0.05,2000,2000,0,0,0.0515,0.004942051699446294,70.8795,14.9085,0.17378304657994126,70.8795,-0.030666076606092028,
size,A_iid_weibull,in_spec,75,1.5,True,0.0,,,c1_lewis_robinson,asymptotic,,0.05,2000,2000,0,0,0.0555,0.005119558086397693,64.1875,1.0,0.015340364333652923,8.848,-0.01677856010493168,
size,A_iid_weibull,in_spec,75,1.5,True,0.0,,,c1_lewis_robinson,permutation,,0.05,2000,2000,0,0,0.045,0.004635461142108733,64.1875,1.0,0.015340364333652923,8.848,-0.01677856010493168,
size,A_iid_weibull,in_spec,75,1.5,True,0.0,,,c2_anderson_darling,asymptotic,,0.05,2000,2000,0,0,0.0545,0.005075911248239078,64.1875,1.0,0.015340364333652923,8.848,-0.01677856010493168,
size,A_iid_weibull,in_spec,75,1.5,True,0.0,,,c2_anderson_darling,permutation,,0.05,2000,2000,0,0,0.0485,0.004803527349771208,64.1875,1.0,0.015340364333652923,8.848,-0.01677856010493168,
size,A_iid_weibull,in_spec,75,1.5,True,0.0,,,c5_rank_autocorr,permutation,studentized,0.05,2000,2000,0,0,0.0415,0.004459694496263169,64.1875,1.0,0.015340364333652923,8.848,-0.01677856010493168,
size,A_iid_weibull,in_spec,75,1.5,True,0.0,,,c5_rank_autocorr,permutation,unstudentized,0.05,2000,2000,0,0,0.0425,0.0045107510461119445,64.1875,1.0,0.015340364333652923,8.848,-0.01677856010493168,
size,A_iid_weibull,in_spec,75,1.5,True,0.0,,,c6_exchangeability,permutation,,0.05,2000,2000,0,0,0.0465,0.004708383480558906,64.1875,1.0,0.015340364333652923,8.848,-0.01677856010493168,
size,A_iid_weibull,in_spec,75,1.5,True,0.0,,,cvm_cramer_von_mises,asymptotic,,0.05,2000,2000,0,0,0.0545,0.005075911248239078,64.1875,1.0,0.015340364333652923,8.848,-0.01677856010493168,
size,A_iid_weibull,in_spec,75,1.5,True,0.0,,,cvm_cramer_von_mises,permutation,,0.05,2000,2000,0,0,0.046,0.00468422885862764,64.1875,1.0,0.015340364333652923,8.848,-0.01677856010493168,
size,A_iid_weibull,in_spec,75,1.5,True,0.03,,,c1_lewis_robinson,asymptotic,,0.05,2000,2000,0,0,0.072,0.005779965397820302,63.9035,2.0,0.030347401883056284,8.845,-0.018070511646465334,
size,A_iid_weibull,in_spec,75,1.5,True,0.03,,,c1_lewis_robinson,permutation,,0.05,2000,2000,0,0,0.0555,0.005119558086397693,63.9035,2.0,0.030347401883056284,8.845,-0.018070511646465334,
size,A_iid_weibull,in_spec,75,1.5,True,0.03,,,c2_anderson_darling,permutation,,0.05,2000,2000,0,0,0.0545,0.005075911248239078,63.9035,2.0,0.030347401883056284,8.845,-0.018070511646465334,
size,A_iid_weibull,in_spec,75,1.5,True,0.03,,,c5_rank_autocorr,permutation,studentized,0.05,2000,2000,0,0,0.0525,0.004987171041783107,63.9035,2.0,0.030347401883056284,8.845,-0.018070511646465334,
size,A_iid_weibull,in_spec,75,1.5,True,0.03,,,c5_rank_autocorr,permutation,unstudentized,0.05,2000,2000,0,0,0.052,0.004964675215963275,63.9035,2.0,0.030347401883056284,8.845,-0.018070511646465334,
size,A_iid_weibull,in_spec,75,1.5,True,0.03,,,c6_exchangeability,permutation,,0.05,2000,2000,0,0,0.058,0.0052266624149642565,63.9035,2.0,0.030347401883056284,8.845,-0.018070511646465334,
size,A_iid_weibull,in_spec,75,1.5,True,0.03,,,cvm_cramer_von_mises,permutation,,0.05,2000,2000,0,0,0.054,0.005053909377897471,63.9035,2.0,0.030347401883056284,8.845,-0.018070511646465334,
size,A_iid_weibull,in_spec,75,1.5,True,0.25,,,c1_lewis_robinson,asymptotic,,0.05,2000,1630,370,0,0.49938650306748467,0.012384425792978356,61.41288343558282,14.863803680981595,0.19486692779757261,8.14355828220859,-0.039378621346794505,"ValueError: gamma_hat is zero: every gap is identical, so the statistic it scales is undefined. A fully quantised duration vector (every window one read long) r"
size,A_iid_weibull,in_spec,75,1.5,True,0.25,,,c1_lewis_robinson,permutation,,0.05,2000,1630,370,0,0.04723926380368098,0.005254721263554195,61.41288343558282,14.863803680981595,0.19486692779757261,8.14355828220859,-0.039378621346794505,"ValueError: gamma_hat is zero: every gap is identical, so the statistic it scales is undefined. A fully quantised duration vector (every window one read long) r"
size,A_iid_weibull,in_spec,75,1.5,True,0.25,,,c2_anderson_darling,permutation,,0.05,2000,1630,370,0,0.046625766871165646,0.005222168692181049,61.41288343558282,14.863803680981595,0.19486692779757261,8.14355828220859,-0.039378621346794505,"ValueError: gamma_hat is zero: every gap is identical, so the statistic it scales is undefined. A fully quantised duration vector (every window one read long) r"
size,A_iid_weibull,in_spec,75,1.5,True,0.25,,,c5_rank_autocorr,permutation,studentized,0.05,2000,1630,370,0,0.03496932515337423,0.0045500941439523355,61.41288343558282,14.863803680981595,0.19486692779757261,8.14355828220859,-0.039378621346794505,"ValueError: gamma_hat is zero: every gap is identical, so the statistic it scales is undefined. A fully quantised duration vector (every window one read long) r"
size,A_iid_weibull,in_spec,75,1.5,True,0.25,,,c5_rank_autocorr,permutation,unstudentized,0.05,2000,1630,370,0,0.048466257668711654,0.005319098563805097,61.41288343558282,14.863803680981595,0.19486692779757261,8.14355828220859,-0.039378621346794505,"ValueError: gamma_hat is zero: every gap is identical, so the statistic it scales is undefined. A fully quantised duration vector (every window one read long) r"
size,A_iid_weibull,in_spec,75,1.5,True,0.25,,,c6_exchangeability,permutation,,0.05,2000,1630,370,0,0.05276073619631902,0.00553721602395238,61.41288343558282,14.863803680981595,0.19486692779757261,8.14355828220859,-0.039378621346794505,"ValueError: gamma_hat is zero: every gap is identical, so the statistic it scales is undefined. A fully quantised duration vector (every window one read long) r"
size,A_iid_weibull,in_spec,75,1.5,True,0.25,,,cvm_cramer_von_mises,permutation,,0.05,2000,1630,370,0,0.05030674846625767,0.0054139095750214946,61.41288343558282,14.863803680981595,0.19486692779757261,8.14355828220859,-0.039378621346794505,"ValueError: gamma_hat is zero: every gap is identical, so the statistic it scales is undefined. A fully quantised duration vector (every window one read long) r"
size,D_trp_power_law,in_spec,75,1.5,False,0.0,,1.0,c1_lewis_robinson,asymptotic,,0.05,2000,2000,0,0,0.055,0.005097793640389928,74.8095,1.0,0.013190958916758453,74.8095,-0.012507251901257913,
size,D_trp_power_law,in_spec,75,1.5,False,0.0,,1.0,c1_lewis_robinson,permutation,,0.05,2000,2000,0,0,0.051,0.004919298730510275,74.8095,1.0,0.013190958916758453,74.8095,-0.012507251901257913,
size,D_trp_power_law,in_spec,75,1.5,False,0.0,,1.0,c2_anderson_darling,asymptotic,,0.05,2000,2000,0,0,0.0595,0.005289600646551685,74.8095,1.0,0.013190958916758453,74.8095,-0.012507251901257913,
size,D_trp_power_law,in_spec,75,1.5,False,0.0,,1.0,c2_anderson_darling,permutation,,0.05,2000,2000,0,0,0.053,0.005009540897128199,74.8095,1.0,0.013190958916758453,74.8095,-0.012507251901257913,
size,D_trp_power_law,in_spec,75,1.5,False,0.0,,1.0,c5_rank_autocorr,permutation,studentized,0.05,2000,2000,0,0,0.047,0.00473238840333293,74.8095,1.0,0.013190958916758453,74.8095,-0.012507251901257913,
size,D_trp_power_law,in_spec,75,1.5,False,0.0,,1.0,c5_rank_autocorr,permutation,unstudentized,0.05,2000,2000,0,0,0.0465,0.004708383480558906,74.8095,1.0,0.013190958916758453,74.8095,-0.012507251901257913,
size,D_trp_power_law,in_spec,75,1.5,False,0.0,,1.0,c6_exchangeability,permutation,,0.05,2000,2000,0,0,0.0495,0.004850244839180801,74.8095,1.0,0.013190958916758453,74.8095,-0.012507251901257913,
size,D_trp_power_law,in_spec,75,1.5,False,0.0,,1.0,cvm_cramer_von_mises,asymptotic,,0.05,2000,2000,0,0,0.0565,0.005162739098579358,74.8095,1.0,0.013190958916758453,74.8095,-0.012507251901257913,
size,D_trp_power_law,in_spec,75,1.5,False,0.0,,1.0,cvm_cramer_von_mises,permutation,,0.05,2000,2000,0,0,0.051,0.004919298730510275,74.8095,1.0,0.013190958916758453,74.8095,-0.012507251901257913,
size,D_trp_power_law,in_spec,75,1.5,False,0.03,,1.0,c1_lewis_robinson,asymptotic,,0.05,2000,2000,0,0,0.0535,0.005031786462082826,74.761,2.0,0.026054897669389405,74.761,-0.013494744231982327,
size,D_trp_power_law,in_spec,75,1.5,False,0.03,,1.0,c1_lewis_robinson,permutation,,0.05,2000,2000,0,0,0.042,0.004485309353879618,74.761,2.0,0.026054897669389405,74.761,-0.013494744231982327,
size,D_trp_power_law,in_spec,75,1.5,False,0.03,,1.0,c2_anderson_darling,permutation,,0.05,2000,2000,0,0,0.0415,0.004459694496263169,74.761,2.0,0.026054897669389405,74.761,-0.013494744231982327,
size,D_trp_power_law,in_spec,75,1.5,False,0.03,,1.0,c5_rank_autocorr,permutation,studentized,0.05,2000,2000,0,0,0.053,0.005009540897128199,74.761,2.0,0.026054897669389405,74.761,-0.013494744231982327,
size,D_trp_power_law,in_spec,75,1.5,False,0.03,,1.0,c5_rank_autocorr,permutation,unstudentized,0.05,2000,2000,0,0,0.0505,0.00489641450451246,74.761,2.0,0.026054897669389405,74.761,-0.013494744231982327,
size,D_trp_power_law,in_spec,75,1.5,False,0.03,,1.0,c6_exchangeability,permutation,,0.05,2000,2000,0,0,0.0535,0.005031786462082826,74.761,2.0,0.026054897669389405,74.761,-0.013494744231982327,
size,D_trp_power_law,in_spec,75,1.5,False,0.03,,1.0,cvm_cramer_von_mises,permutation,,0.05,2000,2000,0,0,0.0405,0.004407933189148856,74.761,2.0,0.026054897669389405,74.761,-0.013494744231982327,
size,D_trp_power_law,in_spec,75,1.5,False,0.25,,1.0,c1_lewis_robinson,asymptotic,,0.05,2000,2000,0,0,0.2895,0.010141246225193431,70.675,14.904,0.17415487444349667,70.675,-0.03643309680942802,
size,D_trp_power_law,in_spec,75,1.5,False,0.25,,1.0,c1_lewis_robinson,permutation,,0.05,2000,2000,0,0,0.0475,0.004756245893559331,70.675,14.904,0.17415487444349667,70.675,-0.03643309680942802,
size,D_trp_power_law,in_spec,75,1.5,False,0.25,,1.0,c2_anderson_darling,permutation,,0.05,2000,2000,0,0,0.049,0.0048269555622566076,70.675,14.904,0.17415487444349667,70.675,-0.03643309680942802,
size,D_trp_power_law,in_spec,75,1.5,False,0.25,,1.0,c5_rank_autocorr,permutation,studentized,0.05,2000,2000,0,0,0.0535,0.005031786462082826,70.675,14.904,0.17415487444349667,70.675,-0.03643309680942802,
size,D_trp_power_law,in_spec,75,1.5,False,0.25,,1.0,c5_rank_autocorr,permutation,unstudentized,0.05,2000,2000,0,0,0.0535,0.005031786462082826,70.675,14.904,0.17415487444349667,70.675,-0.03643309680942802,
size,D_trp_power_law,in_spec,75,1.5,False,0.25,,1.0,c6_exchangeability,permutation,,0.05,2000,2000,0,0,0.051,0.004919298730510275,70.675,14.904,0.17415487444349667,70.675,-0.03643309680942802,
size,D_trp_power_law,in_spec,75,1.5,False,0.25,,1.0,cvm_cramer_von_mises,permutation,,0.05,2000,2000,0,0,0.051,0.004919298730510275,70.675,14.904,0.17415487444349667,70.675,-0.03643309680942802,
size,E_copula_ar1_durations,in_spec,75,1.5,False,0.0,0.0,,c1_lewis_robinson,asymptotic,,0.05,2000,2000,0,0,0.052,0.004964675215963275,74.827,1.0,0.013187914595065083,74.827,-0.013423125450876315,
size,E_copula_ar1_durations,in_spec,75,1.5,False,0.0,0.0,,c1_lewis_robinson,permutation,,0.05,2000,2000,0,0,0.052,0.004964675215963275,74.827,1.0,0.013187914595065083,74.827,-0.013423125450876315,
size,E_copula_ar1_durations,in_spec,75,1.5,False,0.0,0.0,,c2_anderson_darling,asymptotic,,0.05,2000,2000,0,0,0.0545,0.005075911248239078,74.827,1.0,0.013187914595065083,74.827,-0.013423125450876315,
size,E_copula_ar1_durations,in_spec,75,1.5,False,0.0,0.0,,c2_anderson_darling,permutation,,0.05,2000,2000,0,0,0.0525,0.004987171041783107,74.827,1.0,0.013187914595065083,74.827,-0.013423125450876315,
size,E_copula_ar1_durations,in_spec,75,1.5,False,0.0,0.0,,c5_rank_autocorr,permutation,studentized,0.05,2000,2000,0,0,0.0495,0.004850244839180801,74.827,1.0,0.013187914595065083,74.827,-0.013423125450876315,
size,E_copula_ar1_durations,in_spec,75,1.5,False,0.0,0.0,,c5_rank_autocorr,permutation,unstudentized,0.05,2000,2000,0,0,0.049,0.0048269555622566076,74.827,1.0,0.013187914595065083,74.827,-0.013423125450876315,
size,E_copula_ar1_durations,in_spec,75,1.5,False,0.0,0.0,,c6_exchangeability,permutation,,0.05,2000,2000,0,0,0.056,0.005141206084179081,74.827,1.0,0.013187914595065083,74.827,-0.013423125450876315,
size,E_copula_ar1_durations,in_spec,75,1.5,False,0.0,0.0,,cvm_cramer_von_mises,asymptotic,,0.05,2000,2000,0,0,0.054,0.005053909377897471,74.827,1.0,0.013187914595065083,74.827,-0.013423125450876315,
size,E_copula_ar1_durations,in_spec,75,1.5,False,0.0,0.0,,cvm_cramer_von_mises,permutation,,0.05,2000,2000,0,0,0.0535,0.005031786462082826,74.827,1.0,0.013187914595065083,74.827,-0.013423125450876315,
size,B_iid_reads_carved,calendar,75,,False,0.0,,,c1_lewis_robinson,asymptotic,,0.05,2000,2000,0,0,0.0485,0.004803527349771208,76.4055,1.0,0.012918978625549863,8.7435,-0.009820488524219434,
size,B_iid_reads_carved,calendar,75,,False,0.0,,,c1_lewis_robinson,permutation,,0.05,2000,2000,0,0,0.045,0.004635461142108733,76.4055,1.0,0.012918978625549863,8.7435,-0.009820488524219434,
size,B_iid_reads_carved,calendar,75,,False,0.0,,,c2_anderson_darling,asymptotic,,0.05,2000,2000,0,0,0.053,0.005009540897128199,76.4055,1.0,0.012918978625549863,8.7435,-0.009820488524219434,
size,B_iid_reads_carved,calendar,75,,False,0.0,,,c2_anderson_darling,permutation,,0.05,2000,2000,0,0,0.0445,0.004610843198374892,76.4055,1.0,0.012918978625549863,8.7435,-0.009820488524219434,
size,B_iid_reads_carved,calendar,75,,False,0.0,,,c5_rank_autocorr,permutation,studentized,0.05,2000,2000,0,0,0.0515,0.004942051699446294,76.4055,1.0,0.012918978625549863,8.7435,-0.009820488524219434,
size,B_iid_reads_carved,calendar,75,,False,0.0,,,c5_rank_autocorr,permutation,unstudentized,0.05,2000,2000,0,0,0.051,0.004919298730510275,76.4055,1.0,0.012918978625549863,8.7435,-0.009820488524219434,
size,B_iid_reads_carved,calendar,75,,False,0.0,,,c6_exchangeability,permutation,,0.05,2000,2000,0,0,0.0505,0.00489641450451246,76.4055,1.0,0.012918978625549863,8.7435,-0.009820488524219434,
size,B_iid_reads_carved,calendar,75,,False,0.0,,,cvm_cramer_von_mises,asymptotic,,0.05,2000,2000,0,0,0.0525,0.004987171041783107,76.4055,1.0,0.012918978625549863,8.7435,-0.009820488524219434,
size,B_iid_reads_carved,calendar,75,,False,0.0,,,cvm_cramer_von_mises,permutation,,0.05,2000,2000,0,0,0.0475,0.004756245893559331,76.4055,1.0,0.012918978625549863,8.7435,-0.009820488524219434,
size,B_iid_reads_carved,in_spec,75,,False,0.0,,,c5_rank_autocorr,permutation,studentized,0.05,2000,2000,0,0,0.0495,0.004850244839180801,77.0595,1.0,0.01281074052485604,6.5895,-0.017601617436571317,
size,B_iid_reads_carved,in_spec,75,,False,0.0,,,c5_rank_autocorr,permutation,unstudentized,0.05,2000,2000,0,0,0.0515,0.004942051699446294,77.0595,1.0,0.01281074052485604,6.5895,-0.017601617436571317,
size,B_iid_reads_carved,in_spec,75,,False,0.0,,,c6_exchangeability,permutation,,0.05,2000,2000,0,0,0.043,0.004536022486716748,77.0595,1.0,0.01281074052485604,6.5895,-0.017601617436571317,
size,B_iid_reads_carved,in_spec,75,,False,0.0,,,cvm_cramer_von_mises,permutation,,0.05,2000,2000,0,0,0.045,0.004635461142108733,77.0595,1.0,0.01281074052485604,6.5895,-0.017601617436571317,
size,C_ar1_reads_carved,calendar,75,,False,0.0,0.0,,c1_lewis_robinson,asymptotic,,0.05,2000,2000,0,0,0.0475,0.004756245893559331,76.5915,1.0,0.01288800964023121,8.7165,-0.014216122023645405,
size,C_ar1_reads_carved,calendar,75,,False,0.0,0.0,,c1_lewis_robinson,permutation,,0.05,2000,2000,0,0,0.044,0.0045860658521220555,76.5915,1.0,0.01288800964023121,8.7165,-0.014216122023645405,
size,C_ar1_reads_carved,calendar,75,,False,0.0,0.0,,c2_anderson_darling,asymptotic,,0.05,2000,2000,0,0,0.0565,0.005162739098579358,76.5915,1.0,0.01288800964023121,8.7165,-0.014216122023645405,
size,C_ar1_reads_carved,calendar,75,,False,0.0,0.0,,c2_anderson_darling,permutation,,0.05,2000,2000,0,0,0.0485,0.004803527349771208,76.5915,1.0,0.01288800964023121,8.7165,-0.014216122023645405,
size,C_ar1_reads_carved,calendar,75,,False,0.0,0.0,,c5_rank_autocorr,permutation,studentized,0.05,2000,2000,0,0,0.045,0.004635461142108733,76.5915,1.0,0.01288800964023121,8.7165,-0.014216122023645405,
size,C_ar1_reads_carved,calendar,75,,False,0.0,0.0,,c5_rank_autocorr,permutation,unstudentized,0.05,2000,2000,0,0,0.0445,0.004610843198374892,76.5915,1.0,0.01288800964023121,8.7165,-0.014216122023645405,
size,C_ar1_reads_carved,calendar,75,,False,0.0,0.0,,c6_exchangeability,permutation,,0.05,2000,2000,0,0,0.0445,0.004610843198374892,76.5915,1.0,0.01288800964023121,8.7165,-0.014216122023645405,
size,C_ar1_reads_carved,calendar,75,,False,0.0,0.0,,cvm_cramer_von_mises,asymptotic,,0.05,2000,2000,0,0,0.051,0.004919298730510275,76.5915,1.0,0.01288800964023121,8.7165,-0.014216122023645405,
size,C_ar1_reads_carved,calendar,75,,False,0.0,0.0,,cvm_cramer_von_mises,permutation,,0.05,2000,2000,0,0,0.0455,0.004659922209651144,76.5915,1.0,0.01288800964023121,8.7165,-0.014216122023645405,
size,C_ar1_reads_carved,in_spec,75,,False,0.0,0.0,,c5_rank_autocorr,permutation,studentized,0.05,2000,2000,0,0,0.0495,0.004850244839180801,77.0085,1.0,0.012819115865578752,6.573,-0.009490842941205673,
size,C_ar1_reads_carved,in_spec,75,,False,0.0,0.0,,c5_rank_autocorr,permutation,unstudentized,0.05,2000,2000,0,0,0.046,0.00468422885862764,77.0085,1.0,0.012819115865578752,6.573,-0.009490842941205673,
size,C_ar1_reads_carved,in_spec,75,,False,0.0,0.0,,c6_exchangeability,permutation,,0.05,2000,2000,0,0,0.0475,0.004756245893559331,77.0085,1.0,0.012819115865578752,6.573,-0.009490842941205673,
size,C_ar1_reads_carved,in_spec,75,,False,0.0,0.0,,cvm_cramer_von_mises,permutation,,0.05,2000,2000,0,0,0.0475,0.004756245893559331,77.0085,1.0,0.012819115865578752,6.573,-0.009490842941205673,
size,A_iid_weibull,in_spec,100,0.75,False,0.0,,,c1_lewis_robinson,asymptotic,,0.05,2000,2000,0,0,0.0515,0.004942051699446294,99.753,1.0,0.00992526277133187,99.753,-0.0078084163492147364,
size,A_iid_weibull,in_spec,100,0.75,False,0.0,,,c1_lewis_robinson,permutation,,0.05,2000,2000,0,0,0.046,0.00468422885862764,99.753,1.0,0.00992526277133187,99.753,-0.0078084163492147364,
size,A_iid_weibull,in_spec,100,0.75,False,0.0,,,c2_anderson_darling,asymptotic,,0.05,2000,2000,0,0,0.0515,0.004942051699446294,99.753,1.0,0.00992526277133187,99.753,-0.0078084163492147364,
size,A_iid_weibull,in_spec,100,0.75,False,0.0,,,c2_anderson_darling,permutation,,0.05,2000,2000,0,0,0.049,0.0048269555622566076,99.753,1.0,0.00992526277133187,99.753,-0.0078084163492147364,
size,A_iid_weibull,in_spec,100,0.75,False,0.0,,,c5_rank_autocorr,permutation,studentized,0.05,2000,2000,0,0,0.05,0.004873397172404482,99.753,1.0,0.00992526277133187,99.753,-0.0078084163492147364,
size,A_iid_weibull,in_spec,100,0.75,False,0.0,,,c5_rank_autocorr,permutation,unstudentized,0.05,2000,2000,0,0,0.046,0.00468422885862764,99.753,1.0,0.00992526277133187,99.753,-0.0078084163492147364,
size,A_iid_weibull,in_spec,100,0.75,False,0.0,,,c6_exchangeability,permutation,,0.05,2000,2000,0,0,0.053,0.005009540897128199,99.753,1.0,0.00992526277133187,99.753,-0.0078084163492147364,
size,A_iid_weibull,in_spec,100,0.75,False,0.0,,,cvm_cramer_von_mises,asymptotic,,0.05,2000,2000,0,0,0.052,0.004964675215963275,99.753,1.0,0.00992526277133187,99.753,-0.0078084163492147364,
size,A_iid_weibull,in_spec,100,0.75,False,0.0,,,cvm_cramer_von_mises,permutation,,0.05,2000,2000,0,0,0.0525,0.004987171041783107,99.753,1.0,0.00992526277133187,99.753,-0.0078084163492147364,
size,A_iid_weibull,in_spec,100,0.75,False,0.03,,,c1_lewis_robinson,asymptotic,,0.05,2000,2000,0,0,0.061,0.005351588549206675,100.9455,3.0,0.028861278266014402,100.9455,-0.01446969116463599,
size,A_iid_weibull,in_spec,100,0.75,False,0.03,,,c1_lewis_robinson,permutation,,0.05,2000,2000,0,0,0.0485,0.004803527349771208,100.9455,3.0,0.028861278266014402,100.9455,-0.01446969116463599,
size,A_iid_weibull,in_spec,100,0.75,False,0.03,,,c2_anderson_darling,permutation,,0.05,2000,2000,0,0,0.0415,0.004459694496263169,100.9455,3.0,0.028861278266014402,100.9455,-0.01446969116463599,
size,A_iid_weibull,in_spec,100,0.75,False,0.03,,,c5_rank_autocorr,permutation,studentized,0.05,2000,2000,0,0,0.0585,0.0052477495176503994,100.9455,3.0,0.028861278266014402,100.9455,-0.01446969116463599,
size,A_iid_weibull,in_spec,100,0.75,False,0.03,,,c5_rank_autocorr,permutation,unstudentized,0.05,2000,2000,0,0,0.0595,0.005289600646551685,100.9455,3.0,0.028861278266014402,100.9455,-0.01446969116463599,
size,A_iid_weibull,in_spec,100,0.75,False,0.03,,,c6_exchangeability,permutation,,0.05,2000,2000,0,0,0.06,0.0053103672189407005,100.9455,3.0,0.028861278266014402,100.9455,-0.01446969116463599,
size,A_iid_weibull,in_spec,100,0.75,False,0.03,,,cvm_cramer_von_mises,permutation,,0.05,2000,2000,0,0,0.047,0.00473238840333293,100.9455,3.0,0.028861278266014402,100.9455,-0.01446969116463599,
size,A_iid_weibull,in_spec,100,0.75,False,0.25,,,c1_lewis_robinson,asymptotic,,0.05,2000,2000,0,0,0.2055,0.009035201989994468,106.678,18.501,0.14779635561875396,106.678,-0.04169332282356945,
size,A_iid_weibull,in_spec,100,0.75,False,0.25,,,c1_lewis_robinson,permutation,,0.05,2000,2000,0,0,0.045,0.004635461142108733,106.678,18.501,0.14779635561875396,106.678,-0.04169332282356945,
size,A_iid_weibull,in_spec,100,0.75,False,0.25,,,c2_anderson_darling,permutation,,0.05,2000,2000,0,0,0.0415,0.004459694496263169,106.678,18.501,0.14779635561875396,106.678,-0.04169332282356945,
size,A_iid_weibull,in_spec,100,0.75,False,0.25,,,c5_rank_autocorr,permutation,studentized,0.05,2000,2000,0,0,0.05,0.004873397172404482,106.678,18.501,0.14779635561875396,106.678,-0.04169332282356945,
size,A_iid_weibull,in_spec,100,0.75,False,0.25,,,c5_rank_autocorr,permutation,unstudentized,0.05,2000,2000,0,0,0.049,0.0048269555622566076,106.678,18.501,0.14779635561875396,106.678,-0.04169332282356945,
size,A_iid_weibull,in_spec,100,0.75,False,0.25,,,c6_exchangeability,permutation,,0.05,2000,2000,0,0,0.0495,0.004850244839180801,106.678,18.501,0.14779635561875396,106.678,-0.04169332282356945,
size,A_iid_weibull,in_spec,100,0.75,False,0.25,,,cvm_cramer_von_mises,permutation,,0.05,2000,2000,0,0,0.042,0.004485309353879618,106.678,18.501,0.14779635561875396,106.678,-0.04169332282356945,
size,A_iid_weibull,in_spec,100,0.75,True,0.0,,,c1_lewis_robinson,asymptotic,,0.05,2000,2000,0,0,0.05,0.004873397172404482,84.2695,1.0,0.011727522736734707,13.188,-0.013578966579599581,
size,A_iid_weibull,in_spec,100,0.75,True,0.0,,,c1_lewis_robinson,permutation,,0.05,2000,2000,0,0,0.0485,0.004803527349771208,84.2695,1.0,0.011727522736734707,13.188,-0.013578966579599581,
size,A_iid_weibull,in_spec,100,0.75,True,0.0,,,c2_anderson_darling,asymptotic,,0.05,2000,2000,0,0,0.051,0.004919298730510275,84.2695,1.0,0.011727522736734707,13.188,-0.013578966579599581,
size,A_iid_weibull,in_spec,100,0.75,True,0.0,,,c2_anderson_darling,permutation,,0.05,2000,2000,0,0,0.0505,0.00489641450451246,84.2695,1.0,0.011727522736734707,13.188,-0.013578966579599581,
size,A_iid_weibull,in_spec,100,0.75,True,0.0,,,c5_rank_autocorr,permutation,studentized,0.05,2000,2000,0,0,0.0495,0.004850244839180801,84.2695,1.0,0.011727522736734707,13.188,-0.013578966579599581,
size,A_iid_weibull,in_spec,100,0.75,True,0.0,,,c5_rank_autocorr,permutation,unstudentized,0.05,2000,2000,0,0,0.053,0.005009540897128199,84.2695,1.0,0.011727522736734707,13.188,-0.013578966579599581,
size,A_iid_weibull,in_spec,100,0.75,True,0.0,,,c6_exchangeability,permutation,,0.05,2000,2000,0,0,0.046,0.00468422885862764,84.2695,1.0,0.011727522736734707,13.188,-0.013578966579599581,
size,A_iid_weibull,in_spec,100,0.75,True,0.0,,,cvm_cramer_von_mises,asymptotic,,0.05,2000,2000,0,0,0.0485,0.004803527349771208,84.2695,1.0,0.011727522736734707,13.188,-0.013578966579599581,
size,A_iid_weibull,in_spec,100,0.75,True,0.0,,,cvm_cramer_von_mises,permutation,,0.05,2000,2000,0,0,0.0475,0.004756245893559331,84.2695,1.0,0.011727522736734707,13.188,-0.013578966579599581,
size,A_iid_weibull,in_spec,100,0.75,True,0.03,,,c1_lewis_robinson,asymptotic,,0.05,2000,2000,0,0,0.071,0.005742778073371807,85.15,3.0,0.03403289846851957,12.8915,-0.013607663778416455,
size,A_iid_weibull,in_spec,100,0.75,True,0.03,,,c1_lewis_robinson,permutation,,0.05,2000,2000,0,0,0.0565,0.005162739098579358,85.15,3.0,0.03403289846851957,12.8915,-0.013607663778416455,
size,A_iid_weibull,in_spec,100,0.75,True,0.03,,,c2_anderson_darling,permutation,,0.05,2000,2000,0,0,0.0495,0.004850244839180801,85.15,3.0,0.03403289846851957,12.8915,-0.013607663778416455,
size,A_iid_weibull,in_spec,100,0.75,True,0.03,,,c5_rank_autocorr,permutation,studentized,0.05,2000,2000,0,0,0.057,0.00518415856238985,85.15,3.0,0.03403289846851957,12.8915,-0.013607663778416455,
size,A_iid_weibull,in_spec,100,0.75,True,0.03,,,c5_rank_autocorr,permutation,unstudentized,0.05,2000,2000,0,0,0.0485,0.004803527349771208,85.15,3.0,0.03403289846851957,12.8915,-0.013607663778416455,
size,A_iid_weibull,in_spec,100,0.75,True,0.03,,,c6_exchangeability,permutation,,0.05,2000,2000,0,0,0.051,0.004919298730510275,85.15,3.0,0.03403289846851957,12.8915,-0.013607663778416455,
size,A_iid_weibull,in_spec,100,0.75,True,0.03,,,cvm_cramer_von_mises,permutation,,0.05,2000,2000,0,0,0.0485,0.004803527349771208,85.15,3.0,0.03403289846851957,12.8915,-0.013607663778416455,
size,A_iid_weibull,in_spec,100,0.75,True,0.25,,,c1_lewis_robinson,asymptotic,,0.05,2000,1491,509,0,0.1522468142186452,0.009304006398481801,88.73507712944333,18.34875922199866,0.17134947576755896,9.740442655935613,-0.047318144995114005,"ValueError: gamma_hat is zero: every gap is identical, so the statistic it scales is undefined. A fully quantised duration vector (every window one read long) r"
size,A_iid_weibull,in_spec,100,0.75,True,0.25,,,c1_lewis_robinson,permutation,,0.05,2000,1491,509,0,0.04627766599597585,0.00544073882091994,88.73507712944333,18.34875922199866,0.17134947576755896,9.740442655935613,-0.047318144995114005,"ValueError: gamma_hat is zero: every gap is identical, so the statistic it scales is undefined. A fully quantised duration vector (every window one read long) r"
size,A_iid_weibull,in_spec,100,0.75,True,0.25,,,c2_anderson_darling,permutation,,0.05,2000,1491,509,0,0.051643192488262914,0.005731306074638007,88.73507712944333,18.34875922199866,0.17134947576755896,9.740442655935613,-0.047318144995114005,"ValueError: gamma_hat is zero: every gap is identical, so the statistic it scales is undefined. A fully quantised duration vector (every window one read long) r"
size,A_iid_weibull,in_spec,100,0.75,True,0.25,,,c5_rank_autocorr,permutation,studentized,0.05,2000,1491,509,0,0.05030181086519115,0.005660382677130449,88.73507712944333,18.34875922199866,0.17134947576755896,9.740442655935613,-0.047318144995114005,"ValueError: gamma_hat is zero: every gap is identical, so the statistic it scales is undefined. A fully quantised duration vector (every window one read long) r"
size,A_iid_weibull,in_spec,100,0.75,True,0.25,,,c5_rank_autocorr,permutation,unstudentized,0.05,2000,1491,509,0,0.056338028169014086,0.005971318365781049,88.73507712944333,18.34875922199866,0.17134947576755896,9.740442655935613,-0.047318144995114005,"ValueError: gamma_hat is zero: every gap is identical, so the statistic it scales is undefined. A fully quantised duration vector (every window one read long) r"
size,A_iid_weibull,in_spec,100,0.75,True,0.25,,,c6_exchangeability,permutation,,0.05,2000,1491,509,0,0.05097250167672703,0.005695981248270217,88.73507712944333,18.34875922199866,0.17134947576755896,9.740442655935613,-0.047318144995114005,"ValueError: gamma_hat is zero: every gap is identical, so the statistic it scales is undefined. A fully quantised duration vector (every window one read long) r"
size,A_iid_weibull,in_spec,100,0.75,True,0.25,,,cvm_cramer_von_mises,permutation,,0.05,2000,1491,509,0,0.05030181086519115,0.005660382677130449,88.73507712944333,18.34875922199866,0.17134947576755896,9.740442655935613,-0.047318144995114005,"ValueError: gamma_hat is zero: every gap is identical, so the statistic it scales is undefined. A fully quantised duration vector (every window one read long) r"
size,D_trp_power_law,in_spec,100,0.75,False,0.0,,1.0,c1_lewis_robinson,asymptotic,,0.05,2000,2000,0,0,0.041,0.004433903472111228,100.617,1.0,0.009840873082259857,100.617,-0.013632790832363689,
size,D_trp_power_law,in_spec,100,0.75,False,0.0,,1.0,c1_lewis_robinson,permutation,,0.05,2000,2000,0,0,0.042,0.004485309353879618,100.617,1.0,0.009840873082259857,100.617,-0.013632790832363689,
size,D_trp_power_law,in_spec,100,0.75,False,0.0,,1.0,c2_anderson_darling,asymptotic,,0.05,2000,2000,0,0,0.0395,0.00435544199823623,100.617,1.0,0.009840873082259857,100.617,-0.013632790832363689,
size,D_trp_power_law,in_spec,100,0.75,False,0.0,,1.0,c2_anderson_darling,permutation,,0.05,2000,2000,0,0,0.0415,0.004459694496263169,100.617,1.0,0.009840873082259857,100.617,-0.013632790832363689,
size,D_trp_power_law,in_spec,100,0.75,False,0.0,,1.0,c5_rank_autocorr,permutation,studentized,0.05,2000,2000,0,0,0.056,0.005141206084179081,100.617,1.0,0.009840873082259857,100.617,-0.013632790832363689,
size,D_trp_power_law,in_spec,100,0.75,False,0.0,,1.0,c5_rank_autocorr,permutation,unstudentized,0.05,2000,2000,0,0,0.059,0.0052687284993630104,100.617,1.0,0.009840873082259857,100.617,-0.013632790832363689,
size,D_trp_power_law,in_spec,100,0.75,False,0.0,,1.0,c6_exchangeability,permutation,,0.05,2000,2000,0,0,0.0505,0.00489641450451246,100.617,1.0,0.009840873082259857,100.617,-0.013632790832363689,
size,D_trp_power_law,in_spec,100,0.75,False,0.0,,1.0,cvm_cramer_von_mises,asymptotic,,0.05,2000,2000,0,0,0.0405,0.004407933189148856,100.617,1.0,0.009840873082259857,100.617,-0.013632790832363689,
size,D_trp_power_law,in_spec,100,0.75,False,0.0,,1.0,cvm_cramer_von_mises,permutation,,0.05,2000,2000,0,0,0.042,0.004485309353879618,100.617,1.0,0.009840873082259857,100.617,-0.013632790832363689,
size,D_trp_power_law,in_spec,100,0.75,False,0.03,,1.0,c1_lewis_robinson,asymptotic,,0.05,2000,2000,0,0,0.064,0.005472842040475863,101.3145,3.0,0.028759184964698103,101.3145,-0.008656665894997926,
size,D_trp_power_law,in_spec,100,0.75,False,0.03,,1.0,c1_lewis_robinson,permutation,,0.05,2000,2000,0,0,0.0465,0.004708383480558906,101.3145,3.0,0.028759184964698103,101.3145,-0.008656665894997926,
size,D_trp_power_law,in_spec,100,0.75,False,0.03,,1.0,c2_anderson_darling,permutation,,0.05,2000,2000,0,0,0.0525,0.004987171041783107,101.3145,3.0,0.028759184964698103,101.3145,-0.008656665894997926,
size,D_trp_power_law,in_spec,100,0.75,False,0.03,,1.0,c5_rank_autocorr,permutation,studentized,0.05,2000,2000,0,0,0.0605,0.005331029450303197,101.3145,3.0,0.028759184964698103,101.3145,-0.008656665894997926,
size,D_trp_power_law,in_spec,100,0.75,False,0.03,,1.0,c5_rank_autocorr,permutation,unstudentized,0.05,2000,2000,0,0,0.0605,0.005331029450303197,101.3145,3.0,0.028759184964698103,101.3145,-0.008656665894997926,
size,D_trp_power_law,in_spec,100,0.75,False,0.03,,1.0,c6_exchangeability,permutation,,0.05,2000,2000,0,0,0.06,0.0053103672189407005,101.3145,3.0,0.028759184964698103,101.3145,-0.008656665894997926,
size,D_trp_power_law,in_spec,100,0.75,False,0.03,,1.0,cvm_cramer_von_mises,permutation,,0.05,2000,2000,0,0,0.052,0.004964675215963275,101.3145,3.0,0.028759184964698103,101.3145,-0.008656665894997926,
size,D_trp_power_law,in_spec,100,0.75,False,0.25,,1.0,c1_lewis_robinson,asymptotic,,0.05,2000,2000,0,0,0.2035,0.00900243717001124,107.3775,18.5415,0.14724942224763538,107.3775,-0.03757036597440732,
size,D_trp_power_law,in_spec,100,0.75,False,0.25,,1.0,c1_lewis_robinson,permutation,,0.05,2000,2000,0,0,0.0465,0.004708383480558906,107.3775,18.5415,0.14724942224763538,107.3775,-0.03757036597440732,
size,D_trp_power_law,in_spec,100,0.75,False,0.25,,1.0,c2_anderson_darling,permutation,,0.05,2000,2000,0,0,0.051,0.004919298730510275,107.3775,18.5415,0.14724942224763538,107.3775,-0.03757036597440732,
size,D_trp_power_law,in_spec,100,0.75,False,0.25,,1.0,c5_rank_autocorr,permutation,studentized,0.05,2000,2000,0,0,0.0445,0.004610843198374892,107.3775,18.5415,0.14724942224763538,107.3775,-0.03757036597440732,
size,D_trp_power_law,in_spec,100,0.75,False,0.25,,1.0,c5_rank_autocorr,permutation,unstudentized,0.05,2000,2000,0,0,0.0485,0.004803527349771208,107.3775,18.5415,0.14724942224763538,107.3775,-0.03757036597440732,
size,D_trp_power_law,in_spec,100,0.75,False,0.25,,1.0,c6_exchangeability,permutation,,0.05,2000,2000,0,0,0.0465,0.004708383480558906,107.3775,18.5415,0.14724942224763538,107.3775,-0.03757036597440732,
size,D_trp_power_law,in_spec,100,0.75,False,0.25,,1.0,cvm_cramer_von_mises,permutation,,0.05,2000,2000,0,0,0.052,0.004964675215963275,107.3775,18.5415,0.14724942224763538,107.3775,-0.03757036597440732,
size,E_copula_ar1_durations,in_spec,100,0.75,False,0.0,0.0,,c1_lewis_robinson,asymptotic,,0.05,2000,2000,0,0,0.058,0.0052266624149642565,100.4065,1.0,0.009861300804189082,100.4065,-0.01231911263089983,
size,E_copula_ar1_durations,in_spec,100,0.75,False,0.0,0.0,,c1_lewis_robinson,permutation,,0.05,2000,2000,0,0,0.0575,0.005205465877325487,100.4065,1.0,0.009861300804189082,100.4065,-0.01231911263089983,
size,E_copula_ar1_durations,in_spec,100,0.75,False,0.0,0.0,,c2_anderson_darling,asymptotic,,0.05,2000,2000,0,0,0.052,0.004964675215963275,100.4065,1.0,0.009861300804189082,100.4065,-0.01231911263089983,
size,E_copula_ar1_durations,in_spec,100,0.75,False,0.0,0.0,,c2_anderson_darling,permutation,,0.05,2000,2000,0,0,0.0555,0.005119558086397693,100.4065,1.0,0.009861300804189082,100.4065,-0.01231911263089983,
size,E_copula_ar1_durations,in_spec,100,0.75,False,0.0,0.0,,c5_rank_autocorr,permutation,studentized,0.05,2000,2000,0,0,0.045,0.004635461142108733,100.4065,1.0,0.009861300804189082,100.4065,-0.01231911263089983,
size,E_copula_ar1_durations,in_spec,100,0.75,False,0.0,0.0,,c5_rank_autocorr,permutation,unstudentized,0.05,2000,2000,0,0,0.0525,0.004987171041783107,100.4065,1.0,0.009861300804189082,100.4065,-0.01231911263089983,
size,E_copula_ar1_durations,in_spec,100,0.75,False,0.0,0.0,,c6_exchangeability,permutation,,0.05,2000,2000,0,0,0.049,0.0048269555622566076,100.4065,1.0,0.009861300804189082,100.4065,-0.01231911263089983,
size,E_copula_ar1_durations,in_spec,100,0.75,False,0.0,0.0,,cvm_cramer_von_mises,asymptotic,,0.05,2000,2000,0,0,0.0585,0.0052477495176503994,100.4065,1.0,0.009861300804189082,100.4065,-0.01231911263089983,
size,E_copula_ar1_durations,in_spec,100,0.75,False,0.0,0.0,,cvm_cramer_von_mises,permutation,,0.05,2000,2000,0,0,0.061,0.005351588549206675,100.4065,1.0,0.009861300804189082,100.4065,-0.01231911263089983,
size,A_iid_weibull,in_spec,100,1.5,False,0.0,,,c1_lewis_robinson,asymptotic,,0.05,2000,2000,0,0,0.0495,0.004850244839180801,99.804,1.0,0.00992024126026745,99.804,-0.01194384852564853,
size,A_iid_weibull,in_spec,100,1.5,False,0.0,,,c1_lewis_robinson,permutation,,0.05,2000,2000,0,0,0.0455,0.004659922209651144,99.804,1.0,0.00992024126026745,99.804,-0.01194384852564853,
size,A_iid_weibull,in_spec,100,1.5,False,0.0,,,c2_anderson_darling,asymptotic,,0.05,2000,2000,0,0,0.052,0.004964675215963275,99.804,1.0,0.00992024126026745,99.804,-0.01194384852564853,
size,A_iid_weibull,in_spec,100,1.5,False,0.0,,,c2_anderson_darling,permutation,,0.05,2000,2000,0,0,0.049,0.0048269555622566076,99.804,1.0,0.00992024126026745,99.804,-0.01194384852564853,
size,A_iid_weibull,in_spec,100,1.5,False,0.0,,,c5_rank_autocorr,permutation,studentized,0.05,2000,2000,0,0,0.0525,0.004987171041783107,99.804,1.0,0.00992024126026745,99.804,-0.01194384852564853,
size,A_iid_weibull,in_spec,100,1.5,False,0.0,,,c5_rank_autocorr,permutation,unstudentized,0.05,2000,2000,0,0,0.048,0.0047799581588126895,99.804,1.0,0.00992024126026745,99.804,-0.01194384852564853,
size,A_iid_weibull,in_spec,100,1.5,False,0.0,,,c6_exchangeability,permutation,,0.05,2000,2000,0,0,0.044,0.0045860658521220555,99.804,1.0,0.00992024126026745,99.804,-0.01194384852564853,
size,A_iid_weibull,in_spec,100,1.5,False,0.0,,,cvm_cramer_von_mises,asymptotic,,0.05,2000,2000,0,0,0.052,0.004964675215963275,99.804,1.0,0.00992024126026745,99.804,-0.01194384852564853,
size,A_iid_weibull,in_spec,100,1.5,False,0.0,,,cvm_cramer_von_mises,permutation,,0.05,2000,2000,0,0,0.049,0.0048269555622566076,99.804,1.0,0.00992024126026745,99.804,-0.01194384852564853,
size,A_iid_weibull,in_spec,100,1.5,False,0.03,,,c1_lewis_robinson,asymptotic,,0.05,2000,2000,0,0,0.064,0.005472842040475863,99.164,3.0,0.029364551113895306,99.164,-0.01049969939206212,
size,A_iid_weibull,in_spec,100,1.5,False,0.03,,,c1_lewis_robinson,permutation,,0.05,2000,2000,0,0,0.05,0.004873397172404482,99.164,3.0,0.029364551113895306,99.164,-0.01049969939206212,
size,A_iid_weibull,in_spec,100,1.5,False,0.03,,,c2_anderson_darling,permutation,,0.05,2000,2000,0,0,0.0495,0.004850244839180801,99.164,3.0,0.029364551113895306,99.164,-0.01049969939206212,
size,A_iid_weibull,in_spec,100,1.5,False,0.03,,,c5_rank_autocorr,permutation,studentized,0.05,2000,2000,0,0,0.045,0.004635461142108733,99.164,3.0,0.029364551113895306,99.164,-0.01049969939206212,
size,A_iid_weibull,in_spec,100,1.5,False,0.03,,,c5_rank_autocorr,permutation,unstudentized,0.05,2000,2000,0,0,0.047,0.00473238840333293,99.164,3.0,0.029364551113895306,99.164,-0.01049969939206212,
size,A_iid_weibull,in_spec,100,1.5,False,0.03,,,c6_exchangeability,permutation,,0.05,2000,2000,0,0,0.0425,0.0045107510461119445,99.164,3.0,0.029364551113895306,99.164,-0.01049969939206212,
size,A_iid_weibull,in_spec,100,1.5,False,0.03,,,cvm_cramer_von_mises,permutation,,0.05,2000,2000,0,0,0.055,0.005097793640389928,99.164,3.0,0.029364551113895306,99.164,-0.01049969939206212,
size,A_iid_weibull,in_spec,100,1.5,False,0.25,,,c1_lewis_robinson,asymptotic,,0.05,2000,2000,0,0,0.3265,0.010485650909695592,94.408,19.875,0.17391038037153383,94.408,-0.0309401740384859,
size,A_iid_weibull,in_spec,100,1.5,False,0.25,,,c1_lewis_robinson,permutation,,0.05,2000,2000,0,0,0.048,0.0047799581588126895,94.408,19.875,0.17391038037153383,94.408,-0.0309401740384859,
size,A_iid_weibull,in_spec,100,1.5,False,0.25,,,c2_anderson_darling,permutation,,0.05,2000,2000,0,0,0.0485,0.004803527349771208,94.408,19.875,0.17391038037153383,94.408,-0.0309401740384859,
size,A_iid_weibull,in_spec,100,1.5,False,0.25,,,c5_rank_autocorr,permutation,studentized,0.05,2000,2000,0,0,0.034,0.0040524066923249445,94.408,19.875,0.17391038037153383,94.408,-0.0309401740384859,
size,A_iid_weibull,in_spec,100,1.5,False,0.25,,,c5_rank_autocorr,permutation,unstudentized,0.05,2000,2000,0,0,0.045,0.004635461142108733,94.408,19.875,0.17391038037153383,94.408,-0.0309401740384859,
size,A_iid_weibull,in_spec,100,1.5,False,0.25,,,c6_exchangeability,permutation,,0.05,2000,2000,0,0,0.047,0.00473238840333293,94.408,19.875,0.17391038037153383,94.408,-0.0309401740384859,
size,A_iid_weibull,in_spec,100,1.5,False,0.25,,,cvm_cramer_von_mises,permutation,,0.05,2000,2000,0,0,0.0465,0.004708383480558906,94.408,19.875,0.17391038037153383,94.408,-0.0309401740384859,
size,A_iid_weibull,in_spec,100,1.5,True,0.0,,,c1_lewis_robinson,asymptotic,,0.05,2000,2000,0,0,0.0565,0.005162739098579358,85.552,1.0,0.011553748035862833,9.325,-0.014482896485354493,
size,A_iid_weibull,in_spec,100,1.5,True,0.0,,,c1_lewis_robinson,permutation,,0.05,2000,2000,0,0,0.051,0.004919298730510275,85.552,1.0,0.011553748035862833,9.325,-0.014482896485354493,
size,A_iid_weibull,in_spec,100,1.5,True,0.0,,,c2_anderson_darling,asymptotic,,0.05,2000,2000,0,0,0.06,0.0053103672189407005,85.552,1.0,0.011553748035862833,9.325,-0.014482896485354493,
size,A_iid_weibull,in_spec,100,1.5,True,0.0,,,c2_anderson_darling,permutation,,0.05,2000,2000,0,0,0.0525,0.004987171041783107,85.552,1.0,0.011553748035862833,9.325,-0.014482896485354493,
size,A_iid_weibull,in_spec,100,1.5,True,0.0,,,c5_rank_autocorr,permutation,studentized,0.05,2000,2000,0,0,0.053,0.005009540897128199,85.552,1.0,0.011553748035862833,9.325,-0.014482896485354493,
size,A_iid_weibull,in_spec,100,1.5,True,0.0,,,c5_rank_autocorr,permutation,unstudentized,0.05,2000,2000,0,0,0.0505,0.00489641450451246,85.552,1.0,0.011553748035862833,9.325,-0.014482896485354493,
size,A_iid_weibull,in_spec,100,1.5,True,0.0,,,c6_exchangeability,permutation,,0.05,2000,2000,0,0,0.0485,0.004803527349771208,85.552,1.0,0.011553748035862833,9.325,-0.014482896485354493,
size,A_iid_weibull,in_spec,100,1.5,True,0.0,,,cvm_cramer_von_mises,asymptotic,,0.05,2000,2000,0,0,0.0525,0.004987171041783107,85.552,1.0,0.011553748035862833,9.325,-0.014482896485354493,
size,A_iid_weibull,in_spec,100,1.5,True,0.0,,,cvm_cramer_von_mises,permutation,,0.05,2000,2000,0,0,0.0485,0.004803527349771208,85.552,1.0,0.011553748035862833,9.325,-0.014482896485354493,
size,A_iid_weibull,in_spec,100,1.5,True,0.03,,,c1_lewis_robinson,asymptotic,,0.05,2000,2000,0,0,0.069,0.005667406814408156,85.1435,3.0,0.03403540816963247,9.2265,-0.019113193125376633,
size,A_iid_weibull,in_spec,100,1.5,True,0.03,,,c1_lewis_robinson,permutation,,0.05,2000,2000,0,0,0.05,0.004873397172404482,85.1435,3.0,0.03403540816963247,9.2265,-0.019113193125376633,
size,A_iid_weibull,in_spec,100,1.5,True,0.03,,,c2_anderson_darling,permutation,,0.05,2000,2000,0,0,0.045,0.004635461142108733,85.1435,3.0,0.03403540816963247,9.2265,-0.019113193125376633,
size,A_iid_weibull,in_spec,100,1.5,True,0.03,,,c5_rank_autocorr,permutation,studentized,0.05,2000,2000,0,0,0.0615,0.005372045699731156,85.1435,3.0,0.03403540816963247,9.2265,-0.019113193125376633,
size,A_iid_weibull,in_spec,100,1.5,True,0.03,,,c5_rank_autocorr,permutation,unstudentized,0.05,2000,2000,0,0,0.0605,0.005331029450303197,85.1435,3.0,0.03403540816963247,9.2265,-0.019113193125376633,
size,A_iid_weibull,in_spec,100,1.5,True,0.03,,,c6_exchangeability,permutation,,0.05,2000,2000,0,0,0.056,0.005141206084179081,85.1435,3.0,0.03403540816963247,9.2265,-0.019113193125376633,
size,A_iid_weibull,in_spec,100,1.5,True,0.03,,,cvm_cramer_von_mises,permutation,,0.05,2000,2000,0,0,0.0415,0.004459694496263169,85.1435,3.0,0.03403540816963247,9.2265,-0.019113193125376633,
size,A_iid_weibull,in_spec,100,1.5,True,0.25,,,c1_lewis_robinson,asymptotic,,0.05,2000,1572,428,0,0.5852417302798982,0.012426216013495483,82.25699745547074,19.838422391857506,0.19431255997108926,8.501908396946565,-0.03649497881987385,"ValueError: gamma_hat is zero: every gap is identical, so the statistic it scales is undefined. A fully quantised duration vector (every window one read long) r"
size,A_iid_weibull,in_spec,100,1.5,True,0.25,,,c1_lewis_robinson,permutation,,0.05,2000,1572,428,0,0.04961832061068702,0.005477013198972492,82.25699745547074,19.838422391857506,0.19431255997108926,8.501908396946565,-0.03649497881987385,"ValueError: gamma_hat is zero: every gap is identical, so the statistic it scales is undefined. A fully quantised duration vector (every window one read long) r"
size,A_iid_weibull,in_spec,100,1.5,True,0.25,,,c2_anderson_darling,permutation,,0.05,2000,1572,428,0,0.044529262086514,0.005202417163330265,82.25699745547074,19.838422391857506,0.19431255997108926,8.501908396946565,-0.03649497881987385,"ValueError: gamma_hat is zero: every gap is identical, so the statistic it scales is undefined. A fully quantised duration vector (every window one read long) r"
size,A_iid_weibull,in_spec,100,1.5,True,0.25,,,c5_rank_autocorr,permutation,studentized,0.05,2000,1572,428,0,0.04961832061068702,0.005477013198972492,82.25699745547074,19.838422391857506,0.19431255997108926,8.501908396946565,-0.03649497881987385,"ValueError: gamma_hat is zero: every gap is identical, so the statistic it scales is undefined. A fully quantised duration vector (every window one read long) r"
size,A_iid_weibull,in_spec,100,1.5,True,0.25,,,c5_rank_autocorr,permutation,unstudentized,0.05,2000,1572,428,0,0.052798982188295165,0.005640369850776331,82.25699745547074,19.838422391857506,0.19431255997108926,8.501908396946565,-0.03649497881987385,"ValueError: gamma_hat is zero: every gap is identical, so the statistic it scales is undefined. A fully quantised duration vector (every window one read long) r"
size,A_iid_weibull,in_spec,100,1.5,True,0.25,,,c6_exchangeability,permutation,,0.05,2000,1572,428,0,0.05025445292620865,0.005510165420048226,82.25699745547074,19.838422391857506,0.19431255997108926,8.501908396946565,-0.03649497881987385,"ValueError: gamma_hat is zero: every gap is identical, so the statistic it scales is undefined. A fully quantised duration vector (every window one read long) r"
size,A_iid_weibull,in_spec,100,1.5,True,0.25,,,cvm_cramer_von_mises,permutation,,0.05,2000,1572,428,0,0.04580152671755725,0.00527270003812536,82.25699745547074,19.838422391857506,0.19431255997108926,8.501908396946565,-0.03649497881987385,"ValueError: gamma_hat is zero: every gap is identical, so the statistic it scales is undefined. A fully quantised duration vector (every window one read long) r"
size,D_trp_power_law,in_spec,100,1.5,False,0.0,,1.0,c1_lewis_robinson,asymptotic,,0.05,2000,2000,0,0,0.0535,0.005031786462082826,99.8115,1.0,0.009919503231278179,99.8115,-0.008968050894928168,
size,D_trp_power_law,in_spec,100,1.5,False,0.0,,1.0,c1_lewis_robinson,permutation,,0.05,2000,2000,0,0,0.0525,0.004987171041783107,99.8115,1.0,0.009919503231278179,99.8115,-0.008968050894928168,
size,D_trp_power_law,in_spec,100,1.5,False,0.0,,1.0,c2_anderson_darling,asymptotic,,0.05,2000,2000,0,0,0.052,0.004964675215963275,99.8115,1.0,0.009919503231278179,99.8115,-0.008968050894928168,
size,D_trp_power_law,in_spec,100,1.5,False,0.0,,1.0,c2_anderson_darling,permutation,,0.05,2000,2000,0,0,0.0505,0.00489641450451246,99.8115,1.0,0.009919503231278179,99.8115,-0.008968050894928168,
size,D_trp_power_law,in_spec,100,1.5,False,0.0,,1.0,c5_rank_autocorr,permutation,studentized,0.05,2000,2000,0,0,0.043,0.004536022486716748,99.8115,1.0,0.009919503231278179,99.8115,-0.008968050894928168,
size,D_trp_power_law,in_spec,100,1.5,False,0.0,,1.0,c5_rank_autocorr,permutation,unstudentized,0.05,2000,2000,0,0,0.042,0.004485309353879618,99.8115,1.0,0.009919503231278179,99.8115,-0.008968050894928168,
size,D_trp_power_law,in_spec,100,1.5,False,0.0,,1.0,c6_exchangeability,permutation,,0.05,2000,2000,0,0,0.038,0.004275277768753745,99.8115,1.0,0.009919503231278179,99.8115,-0.008968050894928168,
size,D_trp_power_law,in_spec,100,1.5,False,0.0,,1.0,cvm_cramer_von_mises,asymptotic,,0.05,2000,2000,0,0,0.056,0.005141206084179081,99.8115,1.0,0.009919503231278179,99.8115,-0.008968050894928168,
size,D_trp_power_law,in_spec,100,1.5,False,0.0,,1.0,cvm_cramer_von_mises,permutation,,0.05,2000,2000,0,0,0.052,0.004964675215963275,99.8115,1.0,0.009919503231278179,99.8115,-0.008968050894928168,
size,D_trp_power_law,in_spec,100,1.5,False,0.03,,1.0,c1_lewis_robinson,asymptotic,,0.05,2000,2000,0,0,0.0645,0.005492711079239468,99.0275,3.0,0.029403837200754696,99.0275,-0.009736320550594858,
size,D_trp_power_law,in_spec,100,1.5,False,0.03,,1.0,c1_lewis_robinson,permutation,,0.05,2000,2000,0,0,0.0515,0.004942051699446294,99.0275,3.0,0.029403837200754696,99.0275,-0.009736320550594858,
size,D_trp_power_law,in_spec,100,1.5,False,0.03,,1.0,c2_anderson_darling,permutation,,0.05,2000,2000,0,0,0.053,0.005009540897128199,99.0275,3.0,0.029403837200754696,99.0275,-0.009736320550594858,
size,D_trp_power_law,in_spec,100,1.5,False,0.03,,1.0,c5_rank_autocorr,permutation,studentized,0.05,2000,2000,0,0,0.046,0.00468422885862764,99.0275,3.0,0.029403837200754696,99.0275,-0.009736320550594858,
size,D_trp_power_law,in_spec,100,1.5,False,0.03,,1.0,c5_rank_autocorr,permutation,unstudentized,0.05,2000,2000,0,0,0.0445,0.004610843198374892,99.0275,3.0,0.029403837200754696,99.0275,-0.009736320550594858,
size,D_trp_power_law,in_spec,100,1.5,False,0.03,,1.0,c6_exchangeability,permutation,,0.05,2000,2000,0,0,0.0425,0.0045107510461119445,99.0275,3.0,0.029403837200754696,99.0275,-0.009736320550594858,
size,D_trp_power_law,in_spec,100,1.5,False,0.03,,1.0,cvm_cramer_von_mises,permutation,,0.05,2000,2000,0,0,0.0535,0.005031786462082826,99.0275,3.0,0.029403837200754696,99.0275,-0.009736320550594858,
size,D_trp_power_law,in_spec,100,1.5,False,0.25,,1.0,c1_lewis_robinson,asymptotic,,0.05,2000,2000,0,0,0.335,0.010554027667198908,94.6995,19.88,0.17350398631517855,94.6995,-0.03031121886123775,
size,D_trp_power_law,in_spec,100,1.5,False,0.25,,1.0,c1_lewis_robinson,permutation,,0.05,2000,2000,0,0,0.0465,0.004708383480558906,94.6995,19.88,0.17350398631517855,94.6995,-0.03031121886123775,
size,D_trp_power_law,in_spec,100,1.5,False,0.25,,1.0,c2_anderson_darling,permutation,,0.05,2000,2000,0,0,0.047,0.00473238840333293,94.6995,19.88,0.17350398631517855,94.6995,-0.03031121886123775,
size,D_trp_power_law,in_spec,100,1.5,False,0.25,,1.0,c5_rank_autocorr,permutation,studentized,0.05,2000,2000,0,0,0.048,0.0047799581588126895,94.6995,19.88,0.17350398631517855,94.6995,-0.03031121886123775,
size,D_trp_power_law,in_spec,100,1.5,False,0.25,,1.0,c5_rank_autocorr,permutation,unstudentized,0.05,2000,2000,0,0,0.043,0.004536022486716748,94.6995,19.88,0.17350398631517855,94.6995,-0.03031121886123775,
size,D_trp_power_law,in_spec,100,1.5,False,0.25,,1.0,c6_exchangeability,permutation,,0.05,2000,2000,0,0,0.046,0.00468422885862764,94.6995,19.88,0.17350398631517855,94.6995,-0.03031121886123775,
size,D_trp_power_law,in_spec,100,1.5,False,0.25,,1.0,cvm_cramer_von_mises,permutation,,0.05,2000,2000,0,0,0.0475,0.004756245893559331,94.6995,19.88,0.17350398631517855,94.6995,-0.03031121886123775,
size,E_copula_ar1_durations,in_spec,100,1.5,False,0.0,0.0,,c1_lewis_robinson,asymptotic,,0.05,2000,2000,0,0,0.057,0.00518415856238985,99.545,1.0,0.009945795414988313,99.545,-0.00728928807315322,
size,E_copula_ar1_durations,in_spec,100,1.5,False,0.0,0.0,,c1_lewis_robinson,permutation,,0.05,2000,2000,0,0,0.053,0.005009540897128199,99.545,1.0,0.009945795414988313,99.545,-0.00728928807315322,
size,E_copula_ar1_durations,in_spec,100,1.5,False,0.0,0.0,,c2_anderson_darling,asymptotic,,0.05,2000,2000,0,0,0.058,0.0052266624149642565,99.545,1.0,0.009945795414988313,99.545,-0.00728928807315322,
size,E_copula_ar1_durations,in_spec,100,1.5,False,0.0,0.0,,c2_anderson_darling,permutation,,0.05,2000,2000,0,0,0.0545,0.005075911248239078,99.545,1.0,0.009945795414988313,99.545,-0.00728928807315322,
size,E_copula_ar1_durations,in_spec,100,1.5,False,0.0,0.0,,c5_rank_autocorr,permutation,studentized,0.05,2000,2000,0,0,0.0535,0.005031786462082826,99.545,1.0,0.009945795414988313,99.545,-0.00728928807315322,
size,E_copula_ar1_durations,in_spec,100,1.5,False,0.0,0.0,,c5_rank_autocorr,permutation,unstudentized,0.05,2000,2000,0,0,0.054,0.005053909377897471,99.545,1.0,0.009945795414988313,99.545,-0.00728928807315322,
size,E_copula_ar1_durations,in_spec,100,1.5,False,0.0,0.0,,c6_exchangeability,permutation,,0.05,2000,2000,0,0,0.046,0.00468422885862764,99.545,1.0,0.009945795414988313,99.545,-0.00728928807315322,
size,E_copula_ar1_durations,in_spec,100,1.5,False,0.0,0.0,,cvm_cramer_von_mises,asymptotic,,0.05,2000,2000,0,0,0.0555,0.005119558086397693,99.545,1.0,0.009945795414988313,99.545,-0.00728928807315322,
size,E_copula_ar1_durations,in_spec,100,1.5,False,0.0,0.0,,cvm_cramer_von_mises,permutation,,0.05,2000,2000,0,0,0.053,0.005009540897128199,99.545,1.0,0.009945795414988313,99.545,-0.00728928807315322,
size,B_iid_reads_carved,calendar,100,,False,0.0,,,c1_lewis_robinson,asymptotic,,0.05,2000,2000,0,0,0.062,0.005392402062161166,101.236,1.0,0.009781290347822684,9.2755,-0.00960072579147376,
size,B_iid_reads_carved,calendar,100,,False,0.0,,,c1_lewis_robinson,permutation,,0.05,2000,2000,0,0,0.056,0.005141206084179081,101.236,1.0,0.009781290347822684,9.2755,-0.00960072579147376,
size,B_iid_reads_carved,calendar,100,,False,0.0,,,c2_anderson_darling,asymptotic,,0.05,2000,2000,0,0,0.072,0.005779965397820302,101.236,1.0,0.009781290347822684,9.2755,-0.00960072579147376,
size,B_iid_reads_carved,calendar,100,,False,0.0,,,c2_anderson_darling,permutation,,0.05,2000,2000,0,0,0.0605,0.005331029450303197,101.236,1.0,0.009781290347822684,9.2755,-0.00960072579147376,
size,B_iid_reads_carved,calendar,100,,False,0.0,,,c5_rank_autocorr,permutation,studentized,0.05,2000,2000,0,0,0.0515,0.004942051699446294,101.236,1.0,0.009781290347822684,9.2755,-0.00960072579147376,
size,B_iid_reads_carved,calendar,100,,False,0.0,,,c5_rank_autocorr,permutation,unstudentized,0.05,2000,2000,0,0,0.054,0.005053909377897471,101.236,1.0,0.009781290347822684,9.2755,-0.00960072579147376,
size,B_iid_reads_carved,calendar,100,,False,0.0,,,c6_exchangeability,permutation,,0.05,2000,2000,0,0,0.044,0.0045860658521220555,101.236,1.0,0.009781290347822684,9.2755,-0.00960072579147376,
size,B_iid_reads_carved,calendar,100,,False,0.0,,,cvm_cramer_von_mises,asymptotic,,0.05,2000,2000,0,0,0.0665,0.005571254347092763,101.236,1.0,0.009781290347822684,9.2755,-0.00960072579147376,
size,B_iid_reads_carved,calendar,100,,False,0.0,,,cvm_cramer_von_mises,permutation,,0.05,2000,2000,0,0,0.0625,0.005412658773652742,101.236,1.0,0.009781290347822684,9.2755,-0.00960072579147376,
size,B_iid_reads_carved,in_spec,100,,False,0.0,,,c5_rank_autocorr,permutation,studentized,0.05,2000,2000,0,0,0.048,0.0047799581588126895,102.042,1.0,0.009704780574911202,7.0165,-0.011306194615841845,
size,B_iid_reads_carved,in_spec,100,,False,0.0,,,c5_rank_autocorr,permutation,unstudentized,0.05,2000,2000,0,0,0.046,0.00468422885862764,102.042,1.0,0.009704780574911202,7.0165,-0.011306194615841845,
size,B_iid_reads_carved,in_spec,100,,False,0.0,,,c6_exchangeability,permutation,,0.05,2000,2000,0,0,0.0505,0.00489641450451246,102.042,1.0,0.009704780574911202,7.0165,-0.011306194615841845,
size,B_iid_reads_carved,in_spec,100,,False,0.0,,,cvm_cramer_von_mises,permutation,,0.05,2000,2000,0,0,0.0465,0.004708383480558906,102.042,1.0,0.009704780574911202,7.0165,-0.011306194615841845,
size,C_ar1_reads_carved,calendar,100,,False,0.0,0.0,,c1_lewis_robinson,asymptotic,,0.05,2000,2000,0,0,0.0505,0.00489641450451246,101.5755,1.0,0.009748916651637086,9.227,-0.010894872449842191,
size,C_ar1_reads_carved,calendar,100,,False,0.0,0.0,,c1_lewis_robinson,permutation,,0.05,2000,2000,0,0,0.045,0.004635461142108733,101.5755,1.0,0.009748916651637086,9.227,-0.010894872449842191,
size,C_ar1_reads_carved,calendar,100,,False,0.0,0.0,,c2_anderson_darling,asymptotic,,0.05,2000,2000,0,0,0.055,0.005097793640389928,101.5755,1.0,0.009748916651637086,9.227,-0.010894872449842191,
size,C_ar1_reads_carved,calendar,100,,False,0.0,0.0,,c2_anderson_darling,permutation,,0.05,2000,2000,0,0,0.043,0.004536022486716748,101.5755,1.0,0.009748916651637086,9.227,-0.010894872449842191,
size,C_ar1_reads_carved,calendar,100,,False,0.0,0.0,,c5_rank_autocorr,permutation,studentized,0.05,2000,2000,0,0,0.0585,0.0052477495176503994,101.5755,1.0,0.009748916651637086,9.227,-0.010894872449842191,
size,C_ar1_reads_carved,calendar,100,,False,0.0,0.0,,c5_rank_autocorr,permutation,unstudentized,0.05,2000,2000,0,0,0.0575,0.005205465877325487,101.5755,1.0,0.009748916651637086,9.227,-0.010894872449842191,
size,C_ar1_reads_carved,calendar,100,,False,0.0,0.0,,c6_exchangeability,permutation,,0.05,2000,2000,0,0,0.0545,0.005075911248239078,101.5755,1.0,0.009748916651637086,9.227,-0.010894872449842191,
size,C_ar1_reads_carved,calendar,100,,False,0.0,0.0,,cvm_cramer_von_mises,asymptotic,,0.05,2000,2000,0,0,0.0455,0.004659922209651144,101.5755,1.0,0.009748916651637086,9.227,-0.010894872449842191,
size,C_ar1_reads_carved,calendar,100,,False,0.0,0.0,,cvm_cramer_von_mises,permutation,,0.05,2000,2000,0,0,0.041,0.004433903472111228,101.5755,1.0,0.009748916651637086,9.227,-0.010894872449842191,
size,C_ar1_reads_carved,in_spec,100,,False,0.0,0.0,,c5_rank_autocorr,permutation,studentized,0.05,2000,2000,0,0,0.054,0.005053909377897471,102.0675,1.0,0.009702379508574478,7.0,-0.012461054665425944,
size,C_ar1_reads_carved,in_spec,100,,False,0.0,0.0,,c5_rank_autocorr,permutation,unstudentized,0.05,2000,2000,0,0,0.0525,0.004987171041783107,102.0675,1.0,0.009702379508574478,7.0,-0.012461054665425944,
size,C_ar1_reads_carved,in_spec,100,,False,0.0,0.0,,c6_exchangeability,permutation,,0.05,2000,2000,0,0,0.058,0.0052266624149642565,102.0675,1.0,0.009702379508574478,7.0,-0.012461054665425944,
size,C_ar1_reads_carved,in_spec,100,,False,0.0,0.0,,cvm_cramer_von_mises,permutation,,0.05,2000,2000,0,0,0.048,0.0047799581588126895,102.0675,1.0,0.009702379508574478,7.0,-0.012461054665425944,
size,A_iid_weibull,in_spec,355,0.75,False,0.0,,,c1_lewis_robinson,asymptotic,,0.05,2000,2000,0,0,0.0505,0.00489641450451246,356.158,1.0,0.0027998812850335143,356.158,-0.003590833210091514,
size,A_iid_weibull,in_spec,355,0.75,False,0.0,,,c1_lewis_robinson,permutation,,0.05,2000,2000,0,0,0.0495,0.004850244839180801,356.158,1.0,0.0027998812850335143,356.158,-0.003590833210091514,
size,A_iid_weibull,in_spec,355,0.75,False,0.0,,,c2_anderson_darling,asymptotic,,0.05,2000,2000,0,0,0.049,0.0048269555622566076,356.158,1.0,0.0027998812850335143,356.158,-0.003590833210091514,
size,A_iid_weibull,in_spec,355,0.75,False,0.0,,,c2_anderson_darling,permutation,,0.05,2000,2000,0,0,0.048,0.0047799581588126895,356.158,1.0,0.0027998812850335143,356.158,-0.003590833210091514,
size,A_iid_weibull,in_spec,355,0.75,False,0.0,,,c5_rank_autocorr,permutation,studentized,0.05,2000,2000,0,0,0.0465,0.004708383480558906,356.158,1.0,0.0027998812850335143,356.158,-0.003590833210091514,
size,A_iid_weibull,in_spec,355,0.75,False,0.0,,,c5_rank_autocorr,permutation,unstudentized,0.05,2000,2000,0,0,0.045,0.004635461142108733,356.158,1.0,0.0027998812850335143,356.158,-0.003590833210091514,
size,A_iid_weibull,in_spec,355,0.75,False,0.0,,,c6_exchangeability,permutation,,0.05,2000,2000,0,0,0.043,0.004536022486716748,356.158,1.0,0.0027998812850335143,356.158,-0.003590833210091514,
size,A_iid_weibull,in_spec,355,0.75,False,0.0,,,cvm_cramer_von_mises,asymptotic,,0.05,2000,2000,0,0,0.0515,0.004942051699446294,356.158,1.0,0.0027998812850335143,356.158,-0.003590833210091514,
size,A_iid_weibull,in_spec,355,0.75,False,0.0,,,cvm_cramer_von_mises,permutation,,0.05,2000,2000,0,0,0.0465,0.004708383480558906,356.158,1.0,0.0027998812850335143,356.158,-0.003590833210091514,
size,A_iid_weibull,in_spec,355,0.75,False,0.03,,,c1_lewis_robinson,asymptotic,,0.05,2000,2000,0,0,0.072,0.005779965397820302,360.007,11.0,0.02964903627155283,360.007,-0.0024952496002366917,
size,A_iid_weibull,in_spec,355,0.75,False,0.03,,,c1_lewis_robinson,permutation,,0.05,2000,2000,0,0,0.0545,0.005075911248239078,360.007,11.0,0.02964903627155283,360.007,-0.0024952496002366917,
size,A_iid_weibull,in_spec,355,0.75,False,0.03,,,c2_anderson_darling,permutation,,0.05,2000,2000,0,0,0.0625,0.005412658773652742,360.007,11.0,0.02964903627155283,360.007,-0.0024952496002366917,
size,A_iid_weibull,in_spec,355,0.75,False,0.03,,,c5_rank_autocorr,permutation,studentized,0.05,2000,2000,0,0,0.0495,0.004850244839180801,360.007,11.0,0.02964903627155283,360.007,-0.0024952496002366917,
size,A_iid_weibull,in_spec,355,0.75,False,0.03,,,c5_rank_autocorr,permutation,unstudentized,0.05,2000,2000,0,0,0.053,0.005009540897128199,360.007,11.0,0.02964903627155283,360.007,-0.0024952496002366917,
size,A_iid_weibull,in_spec,355,0.75,False,0.03,,,c6_exchangeability,permutation,,0.05,2000,2000,0,0,0.051,0.004919298730510275,360.007,11.0,0.02964903627155283,360.007,-0.0024952496002366917,
size,A_iid_weibull,in_spec,355,0.75,False,0.03,,,cvm_cramer_von_mises,permutation,,0.05,2000,2000,0,0,0.056,0.005141206084179081,360.007,11.0,0.02964903627155283,360.007,-0.0024952496002366917,
size,A_iid_weibull,in_spec,355,0.75,False,0.25,,,c1_lewis_robinson,asymptotic,,0.05,2000,2000,0,0,0.4355,0.011086923603957953,380.216,65.7535,0.1474394549403042,380.216,-0.035526207433207474,
size,A_iid_weibull,in_spec,355,0.75,False,0.25,,,c1_lewis_robinson,permutation,,0.05,2000,2000,0,0,0.056,0.005141206084179081,380.216,65.7535,0.1474394549403042,380.216,-0.035526207433207474,
size,A_iid_weibull,in_spec,355,0.75,False,0.25,,,c2_anderson_darling,permutation,,0.05,2000,2000,0,0,0.0525,0.004987171041783107,380.216,65.7535,0.1474394549403042,380.216,-0.035526207433207474,
size,A_iid_weibull,in_spec,355,0.75,False,0.25,,,c5_rank_autocorr,permutation,studentized,0.05,2000,2000,0,0,0.0465,0.004708383480558906,380.216,65.7535,0.1474394549403042,380.216,-0.035526207433207474,
size,A_iid_weibull,in_spec,355,0.75,False,0.25,,,c5_rank_autocorr,permutation,unstudentized,0.05,2000,2000,0,0,0.047,0.00473238840333293,380.216,65.7535,0.1474394549403042,380.216,-0.035526207433207474,
size,A_iid_weibull,in_spec,355,0.75,False,0.25,,,c6_exchangeability,permutation,,0.05,2000,2000,0,0,0.0455,0.004659922209651144,380.216,65.7535,0.1474394549403042,380.216,-0.035526207433207474,
size,A_iid_weibull,in_spec,355,0.75,False,0.25,,,cvm_cramer_von_mises,permutation,,0.05,2000,2000,0,0,0.046,0.00468422885862764,380.216,65.7535,0.1474394549403042,380.216,-0.035526207433207474,
size,A_iid_weibull,in_spec,355,0.75,True,0.0,,,c1_lewis_robinson,asymptotic,,0.05,2000,2000,0,0,0.052,0.004964675215963275,298.9415,1.0,0.003333983460108054,19.3865,-0.0023153323165930433,
size,A_iid_weibull,in_spec,355,0.75,True,0.0,,,c1_lewis_robinson,permutation,,0.05,2000,2000,0,0,0.052,0.004964675215963275,298.9415,1.0,0.003333983460108054,19.3865,-0.0023153323165930433,
size,A_iid_weibull,in_spec,355,0.75,True,0.0,,,c2_anderson_darling,asymptotic,,0.05,2000,2000,0,0,0.048,0.0047799581588126895,298.9415,1.0,0.003333983460108054,19.3865,-0.0023153323165930433,
size,A_iid_weibull,in_spec,355,0.75,True,0.0,,,c2_anderson_darling,permutation,,0.05,2000,2000,0,0,0.048,0.0047799581588126895,298.9415,1.0,0.003333983460108054,19.3865,-0.0023153323165930433,
size,A_iid_weibull,in_spec,355,0.75,True,0.0,,,c5_rank_autocorr,permutation,studentized,0.05,2000,2000,0,0,0.046,0.00468422885862764,298.9415,1.0,0.003333983460108054,19.3865,-0.0023153323165930433,
size,A_iid_weibull,in_spec,355,0.75,True,0.0,,,c5_rank_autocorr,permutation,unstudentized,0.05,2000,2000,0,0,0.044,0.0045860658521220555,298.9415,1.0,0.003333983460108054,19.3865,-0.0023153323165930433,
size,A_iid_weibull,in_spec,355,0.75,True,0.0,,,c6_exchangeability,permutation,,0.05,2000,2000,0,0,0.047,0.00473238840333293,298.9415,1.0,0.003333983460108054,19.3865,-0.0023153323165930433,
size,A_iid_weibull,in_spec,355,0.75,True,0.0,,,cvm_cramer_von_mises,asymptotic,,0.05,2000,2000,0,0,0.053,0.005009540897128199,298.9415,1.0,0.003333983460108054,19.3865,-0.0023153323165930433,
size,A_iid_weibull,in_spec,355,0.75,True,0.0,,,cvm_cramer_von_mises,permutation,,0.05,2000,2000,0,0,0.0495,0.004850244839180801,298.9415,1.0,0.003333983460108054,19.3865,-0.0023153323165930433,
size,A_iid_weibull,in_spec,355,0.75,True,0.03,,,c1_lewis_robinson,asymptotic,,0.05,2000,2000,0,0,0.076,0.005925537950262406,301.7845,11.0,0.0351679830682147,18.5405,-0.0061613551745054295,
size,A_iid_weibull,in_spec,355,0.75,True,0.03,,,c1_lewis_robinson,permutation,,0.05,2000,2000,0,0,0.059,0.0052687284993630104,301.7845,11.0,0.0351679830682147,18.5405,-0.0061613551745054295,
size,A_iid_weibull,in_spec,355,0.75,True,0.03,,,c2_anderson_darling,permutation,,0.05,2000,2000,0,0,0.0415,0.004459694496263169,301.7845,11.0,0.0351679830682147,18.5405,-0.0061613551745054295,
size,A_iid_weibull,in_spec,355,0.75,True,0.03,,,c5_rank_autocorr,permutation,studentized,0.05,2000,2000,0,0,0.051,0.004919298730510275,301.7845,11.0,0.0351679830682147,18.5405,-0.0061613551745054295,
size,A_iid_weibull,in_spec,355,0.75,True,0.03,,,c5_rank_autocorr,permutation,unstudentized,0.05,2000,2000,0,0,0.0515,0.004942051699446294,301.7845,11.0,0.0351679830682147,18.5405,-0.0061613551745054295,
size,A_iid_weibull,in_spec,355,0.75,True,0.03,,,c6_exchangeability,permutation,,0.05,2000,2000,0,0,0.051,0.004919298730510275,301.7845,11.0,0.0351679830682147,18.5405,-0.0061613551745054295,
size,A_iid_weibull,in_spec,355,0.75,True,0.03,,,cvm_cramer_von_mises,permutation,,0.05,2000,2000,0,0,0.0455,0.004659922209651144,301.7845,11.0,0.0351679830682147,18.5405,-0.0061613551745054295,
size,A_iid_weibull,in_spec,355,0.75,True,0.25,,,c1_lewis_robinson,asymptotic,,0.05,2000,706,1294,0,0.15439093484419264,0.013598573813016494,316.26487252124645,65.1756373937677,0.17086710954819398,12.18271954674221,-0.040544845908533085,"ValueError: gamma_hat is zero: every gap is identical, so the statistic it scales is undefined. A fully quantised duration vector (every window one read long) r"
size,A_iid_weibull,in_spec,355,0.75,True,0.25,,,c1_lewis_robinson,permutation,,0.05,2000,706,1294,0,0.059490084985835696,0.008902287859979917,316.26487252124645,65.1756373937677,0.17086710954819398,12.18271954674221,-0.040544845908533085,"ValueError: gamma_hat is zero: every gap is identical, so the statistic it scales is undefined. A fully quantised duration vector (every window one read long) r"
size,A_iid_weibull,in_spec,355,0.75,True,0.25,,,c2_anderson_darling,permutation,,0.05,2000,706,1294,0,0.026912181303116147,0.006090432263533658,316.26487252124645,65.1756373937677,0.17086710954819398,12.18271954674221,-0.040544845908533085,"ValueError: gamma_hat is zero: every gap is identical, so the statistic it scales is undefined. A fully quantised duration vector (every window one read long) r"
size,A_iid_weibull,in_spec,355,0.75,True,0.25,,,c5_rank_autocorr,permutation,studentized,0.05,2000,706,1294,0,0.046742209631728045,0.007944333190700191,316.26487252124645,65.1756373937677,0.17086710954819398,12.18271954674221,-0.040544845908533085,"ValueError: gamma_hat is zero: every gap is identical, so the statistic it scales is undefined. A fully quantised duration vector (every window one read long) r"
size,A_iid_weibull,in_spec,355,0.75,True,0.25,,,c5_rank_autocorr,permutation,unstudentized,0.05,2000,706,1294,0,0.05099150141643059,0.008279070868594366,316.26487252124645,65.1756373937677,0.17086710954819398,12.18271954674221,-0.040544845908533085,"ValueError: gamma_hat is zero: every gap is identical, so the statistic it scales is undefined. A fully quantised duration vector (every window one read long) r"
size,A_iid_weibull,in_spec,355,0.75,True,0.25,,,c6_exchangeability,permutation,,0.05,2000,706,1294,0,0.046742209631728045,0.007944333190700191,316.26487252124645,65.1756373937677,0.17086710954819398,12.18271954674221,-0.040544845908533085,"ValueError: gamma_hat is zero: every gap is identical, so the statistic it scales is undefined. A fully quantised duration vector (every window one read long) r"
size,A_iid_weibull,in_spec,355,0.75,True,0.25,,,cvm_cramer_von_mises,permutation,,0.05,2000,706,1294,0,0.029745042492917848,0.0063936356169462605,316.26487252124645,65.1756373937677,0.17086710954819398,12.18271954674221,-0.040544845908533085,"ValueError: gamma_hat is zero: every gap is identical, so the statistic it scales is undefined. A fully quantised duration vector (every window one read long) r"
size,D_trp_power_law,in_spec,355,0.75,False,0.0,,1.0,c1_lewis_robinson,asymptotic,,0.05,2000,2000,0,0,0.045,0.004635461142108733,354.6025,1.0,0.002812128711131108,354.6025,-0.004134390385333363,
size,D_trp_power_law,in_spec,355,0.75,False,0.0,,1.0,c1_lewis_robinson,permutation,,0.05,2000,2000,0,0,0.0435,0.004561126505590478,354.6025,1.0,0.002812128711131108,354.6025,-0.004134390385333363,
size,D_trp_power_law,in_spec,355,0.75,False,0.0,,1.0,c2_anderson_darling,asymptotic,,0.05,2000,2000,0,0,0.045,0.004635461142108733,354.6025,1.0,0.002812128711131108,354.6025,-0.004134390385333363,
size,D_trp_power_law,in_spec,355,0.75,False,0.0,,1.0,c2_anderson_darling,permutation,,0.05,2000,2000,0,0,0.045,0.004635461142108733,354.6025,1.0,0.002812128711131108,354.6025,-0.004134390385333363,
size,D_trp_power_law,in_spec,355,0.75,False,0.0,,1.0,c5_rank_autocorr,permutation,studentized,0.05,2000,2000,0,0,0.0505,0.00489641450451246,354.6025,1.0,0.002812128711131108,354.6025,-0.004134390385333363,
size,D_trp_power_law,in_spec,355,0.75,False,0.0,,1.0,c5_rank_autocorr,permutation,unstudentized,0.05,2000,2000,0,0,0.0495,0.004850244839180801,354.6025,1.0,0.002812128711131108,354.6025,-0.004134390385333363,
size,D_trp_power_law,in_spec,355,0.75,False,0.0,,1.0,c6_exchangeability,permutation,,0.05,2000,2000,0,0,0.0535,0.005031786462082826,354.6025,1.0,0.002812128711131108,354.6025,-0.004134390385333363,
size,D_trp_power_law,in_spec,355,0.75,False,0.0,,1.0,cvm_cramer_von_mises,asymptotic,,0.05,2000,2000,0,0,0.0435,0.004561126505590478,354.6025,1.0,0.002812128711131108,354.6025,-0.004134390385333363,
size,D_trp_power_law,in_spec,355,0.75,False,0.0,,1.0,cvm_cramer_von_mises,permutation,,0.05,2000,2000,0,0,0.044,0.0045860658521220555,354.6025,1.0,0.002812128711131108,354.6025,-0.004134390385333363,
size,D_trp_power_law,in_spec,355,0.75,False,0.03,,1.0,c1_lewis_robinson,asymptotic,,0.05,2000,2000,0,0,0.0665,0.005571254347092763,360.9705,11.0,0.029572237583356743,360.9705,-0.0034744976529760595,
size,D_trp_power_law,in_spec,355,0.75,False,0.03,,1.0,c1_lewis_robinson,permutation,,0.05,2000,2000,0,0,0.044,0.0045860658521220555,360.9705,11.0,0.029572237583356743,360.9705,-0.0034744976529760595,
size,D_trp_power_law,in_spec,355,0.75,False,0.03,,1.0,c2_anderson_darling,permutation,,0.05,2000,2000,0,0,0.0475,0.004756245893559331,360.9705,11.0,0.029572237583356743,360.9705,-0.0034744976529760595,
size,D_trp_power_law,in_spec,355,0.75,False,0.03,,1.0,c5_rank_autocorr,permutation,studentized,0.05,2000,2000,0,0,0.049,0.0048269555622566076,360.9705,11.0,0.029572237583356743,360.9705,-0.0034744976529760595,
size,D_trp_power_law,in_spec,355,0.75,False,0.03,,1.0,c5_rank_autocorr,permutation,unstudentized,0.05,2000,2000,0,0,0.0465,0.004708383480558906,360.9705,11.0,0.029572237583356743,360.9705,-0.0034744976529760595,
size,D_trp_power_law,in_spec,355,0.75,False,0.03,,1.0,c6_exchangeability,permutation,,0.05,2000,2000,0,0,0.0465,0.004708383480558906,360.9705,11.0,0.029572237583356743,360.9705,-0.0034744976529760595,
size,D_trp_power_law,in_spec,355,0.75,False,0.03,,1.0,cvm_cramer_von_mises,permutation,,0.05,2000,2000,0,0,0.048,0.0047799581588126895,360.9705,11.0,0.029572237583356743,360.9705,-0.0034744976529760595,
size,D_trp_power_law,in_spec,355,0.75,False,0.25,,1.0,c1_lewis_robinson,asymptotic,,0.05,2000,2000,0,0,0.4145,0.011015664982196945,380.4715,65.7715,0.14738942683694758,380.4715,-0.03425608069757293,
size,D_trp_power_law,in_spec,355,0.75,False,0.25,,1.0,c1_lewis_robinson,permutation,,0.05,2000,2000,0,0,0.048,0.0047799581588126895,380.4715,65.7715,0.14738942683694758,380.4715,-0.03425608069757293,
size,D_trp_power_law,in_spec,355,0.75,False,0.25,,1.0,c2_anderson_darling,permutation,,0.05,2000,2000,0,0,0.062,0.005392402062161166,380.4715,65.7715,0.14738942683694758,380.4715,-0.03425608069757293,
size,D_trp_power_law,in_spec,355,0.75,False,0.25,,1.0,c5_rank_autocorr,permutation,studentized,0.05,2000,2000,0,0,0.0525,0.004987171041783107,380.4715,65.7715,0.14738942683694758,380.4715,-0.03425608069757293,
size,D_trp_power_law,in_spec,355,0.75,False,0.25,,1.0,c5_rank_autocorr,permutation,unstudentized,0.05,2000,2000,0,0,0.051,0.004919298730510275,380.4715,65.7715,0.14738942683694758,380.4715,-0.03425608069757293,
size,D_trp_power_law,in_spec,355,0.75,False,0.25,,1.0,c6_exchangeability,permutation,,0.05,2000,2000,0,0,0.055,0.005097793640389928,380.4715,65.7715,0.14738942683694758,380.4715,-0.03425608069757293,
size,D_trp_power_law,in_spec,355,0.75,False,0.25,,1.0,cvm_cramer_von_mises,permutation,,0.05,2000,2000,0,0,0.0585,0.0052477495176503994,380.4715,65.7715,0.14738942683694758,380.4715,-0.03425608069757293,
size,E_copula_ar1_durations,in_spec,355,0.75,False,0.0,0.0,,c1_lewis_robinson,asymptotic,,0.05,2000,2000,0,0,0.055,0.005097793640389928,355.2845,1.0,0.002806745732693957,355.2845,-0.004921309611429699,
size,E_copula_ar1_durations,in_spec,355,0.75,False,0.0,0.0,,c1_lewis_robinson,permutation,,0.05,2000,2000,0,0,0.055,0.005097793640389928,355.2845,1.0,0.002806745732693957,355.2845,-0.004921309611429699,
size,E_copula_ar1_durations,in_spec,355,0.75,False,0.0,0.0,,c2_anderson_darling,asymptotic,,0.05,2000,2000,0,0,0.0535,0.005031786462082826,355.2845,1.0,0.002806745732693957,355.2845,-0.004921309611429699,
size,E_copula_ar1_durations,in_spec,355,0.75,False,0.0,0.0,,c2_anderson_darling,permutation,,0.05,2000,2000,0,0,0.0545,0.005075911248239078,355.2845,1.0,0.002806745732693957,355.2845,-0.004921309611429699,
size,E_copula_ar1_durations,in_spec,355,0.75,False,0.0,0.0,,c5_rank_autocorr,permutation,studentized,0.05,2000,2000,0,0,0.0475,0.004756245893559331,355.2845,1.0,0.002806745732693957,355.2845,-0.004921309611429699,
size,E_copula_ar1_durations,in_spec,355,0.75,False,0.0,0.0,,c5_rank_autocorr,permutation,unstudentized,0.05,2000,2000,0,0,0.046,0.00468422885862764,355.2845,1.0,0.002806745732693957,355.2845,-0.004921309611429699,
size,E_copula_ar1_durations,in_spec,355,0.75,False,0.0,0.0,,c6_exchangeability,permutation,,0.05,2000,2000,0,0,0.059,0.0052687284993630104,355.2845,1.0,0.002806745732693957,355.2845,-0.004921309611429699,
size,E_copula_ar1_durations,in_spec,355,0.75,False,0.0,0.0,,cvm_cramer_von_mises,asymptotic,,0.05,2000,2000,0,0,0.0525,0.004987171041783107,355.2845,1.0,0.002806745732693957,355.2845,-0.004921309611429699,
size,E_copula_ar1_durations,in_spec,355,0.75,False,0.0,0.0,,cvm_cramer_von_mises,permutation,,0.05,2000,2000,0,0,0.053,0.005009540897128199,355.2845,1.0,0.002806745732693957,355.2845,-0.004921309611429699,
size,A_iid_weibull,in_spec,355,1.5,False,0.0,,,c1_lewis_robinson,asymptotic,,0.05,2000,2000,0,0,0.052,0.004964675215963275,354.693,1.0,0.002811413213079819,354.693,-0.002671996164667943,
size,A_iid_weibull,in_spec,355,1.5,False,0.0,,,c1_lewis_robinson,permutation,,0.05,2000,2000,0,0,0.049,0.0048269555622566076,354.693,1.0,0.002811413213079819,354.693,-0.002671996164667943,
size,A_iid_weibull,in_spec,355,1.5,False,0.0,,,c2_anderson_darling,asymptotic,,0.05,2000,2000,0,0,0.053,0.005009540897128199,354.693,1.0,0.002811413213079819,354.693,-0.002671996164667943,
size,A_iid_weibull,in_spec,355,1.5,False,0.0,,,c2_anderson_darling,permutation,,0.05,2000,2000,0,0,0.051,0.004919298730510275,354.693,1.0,0.002811413213079819,354.693,-0.002671996164667943,
size,A_iid_weibull,in_spec,355,1.5,False,0.0,,,c5_rank_autocorr,permutation,studentized,0.05,2000,2000,0,0,0.041,0.004433903472111228,354.693,1.0,0.002811413213079819,354.693,-0.002671996164667943,
size,A_iid_weibull,in_spec,355,1.5,False,0.0,,,c5_rank_autocorr,permutation,unstudentized,0.05,2000,2000,0,0,0.0395,0.00435544199823623,354.693,1.0,0.002811413213079819,354.693,-0.002671996164667943,
size,A_iid_weibull,in_spec,355,1.5,False,0.0,,,c6_exchangeability,permutation,,0.05,2000,2000,0,0,0.0485,0.004803527349771208,354.693,1.0,0.002811413213079819,354.693,-0.002671996164667943,
size,A_iid_weibull,in_spec,355,1.5,False,0.0,,,cvm_cramer_von_mises,asymptotic,,0.05,2000,2000,0,0,0.0545,0.005075911248239078,354.693,1.0,0.002811413213079819,354.693,-0.002671996164667943,
size,A_iid_weibull,in_spec,355,1.5,False,0.0,,,cvm_cramer_von_mises,permutation,,0.05,2000,2000,0,0,0.054,0.005053909377897471,354.693,1.0,0.002811413213079819,354.693,-0.002671996164667943,
size,A_iid_weibull,in_spec,355,1.5,False,0.03,,,c1_lewis_robinson,asymptotic,,0.05,2000,2000,0,0,0.068,0.005629209535982827,351.9505,11.0,0.030307163097998215,351.9505,-0.004306351945916186,
size,A_iid_weibull,in_spec,355,1.5,False,0.03,,,c1_lewis_robinson,permutation,,0.05,2000,2000,0,0,0.042,0.004485309353879618,351.9505,11.0,0.030307163097998215,351.9505,-0.004306351945916186,
size,A_iid_weibull,in_spec,355,1.5,False,0.03,,,c2_anderson_darling,permutation,,0.05,2000,2000,0,0,0.048,0.0047799581588126895,351.9505,11.0,0.030307163097998215,351.9505,-0.004306351945916186,
size,A_iid_weibull,in_spec,355,1.5,False,0.03,,,c5_rank_autocorr,permutation,studentized,0.05,2000,2000,0,0,0.0535,0.005031786462082826,351.9505,11.0,0.030307163097998215,351.9505,-0.004306351945916186,
size,A_iid_weibull,in_spec,355,1.5,False,0.03,,,c5_rank_autocorr,permutation,unstudentized,0.05,2000,2000,0,0,0.0555,0.005119558086397693,351.9505,11.0,0.030307163097998215,351.9505,-0.004306351945916186,
size,A_iid_weibull,in_spec,355,1.5,False,0.03,,,c6_exchangeability,permutation,,0.05,2000,2000,0,0,0.059,0.0052687284993630104,351.9505,11.0,0.030307163097998215,351.9505,-0.004306351945916186,
size,A_iid_weibull,in_spec,355,1.5,False,0.03,,,cvm_cramer_von_mises,permutation,,0.05,2000,2000,0,0,0.0515,0.004942051699446294,351.9505,11.0,0.030307163097998215,351.9505,-0.004306351945916186,
size,A_iid_weibull,in_spec,355,1.5,False,0.25,,,c1_lewis_robinson,asymptotic,,0.05,2000,2000,0,0,0.699,0.010256680749638258,335.588,70.5715,0.1737531683981293,335.588,-0.024902174995178772,
size,A_iid_weibull,in_spec,355,1.5,False,0.25,,,c1_lewis_robinson,permutation,,0.05,2000,2000,0,0,0.053,0.005009540897128199,335.588,70.5715,0.1737531683981293,335.588,-0.024902174995178772,
size,A_iid_weibull,in_spec,355,1.5,False,0.25,,,c2_anderson_darling,permutation,,0.05,2000,2000,0,0,0.0475,0.004756245893559331,335.588,70.5715,0.1737531683981293,335.588,-0.024902174995178772,
size,A_iid_weibull,in_spec,355,1.5,False,0.25,,,c5_rank_autocorr,permutation,studentized,0.05,2000,2000,0,0,0.0515,0.004942051699446294,335.588,70.5715,0.1737531683981293,335.588,-0.024902174995178772,
size,A_iid_weibull,in_spec,355,1.5,False,0.25,,,c5_rank_autocorr,permutation,unstudentized,0.05,2000,2000,0,0,0.0435,0.004561126505590478,335.588,70.5715,0.1737531683981293,335.588,-0.024902174995178772,
size,A_iid_weibull,in_spec,355,1.5,False,0.25,,,c6_exchangeability,permutation,,0.05,2000,2000,0,0,0.0485,0.004803527349771208,335.588,70.5715,0.1737531683981293,335.588,-0.024902174995178772,
size,A_iid_weibull,in_spec,355,1.5,False,0.25,,,cvm_cramer_von_mises,permutation,,0.05,2000,2000,0,0,0.046,0.00468422885862764,335.588,70.5715,0.1737531683981293,335.588,-0.024902174995178772,
size,A_iid_weibull,in_spec,355,1.5,True,0.0,,,c1_lewis_robinson,asymptotic,,0.05,2000,2000,0,0,0.051,0.004919298730510275,303.772,1.0,0.0032811413121940337,11.0525,-0.0038795920704021232,
size,A_iid_weibull,in_spec,355,1.5,True,0.0,,,c1_lewis_robinson,permutation,,0.05,2000,2000,0,0,0.0515,0.004942051699446294,303.772,1.0,0.0032811413121940337,11.0525,-0.0038795920704021232,
size,A_iid_weibull,in_spec,355,1.5,True,0.0,,,c2_anderson_darling,asymptotic,,0.05,2000,2000,0,0,0.0535,0.005031786462082826,303.772,1.0,0.0032811413121940337,11.0525,-0.0038795920704021232,
size,A_iid_weibull,in_spec,355,1.5,True,0.0,,,c2_anderson_darling,permutation,,0.05,2000,2000,0,0,0.051,0.004919298730510275,303.772,1.0,0.0032811413121940337,11.0525,-0.0038795920704021232,
size,A_iid_weibull,in_spec,355,1.5,True,0.0,,,c5_rank_autocorr,permutation,studentized,0.05,2000,2000,0,0,0.042,0.004485309353879618,303.772,1.0,0.0032811413121940337,11.0525,-0.0038795920704021232,
size,A_iid_weibull,in_spec,355,1.5,True,0.0,,,c5_rank_autocorr,permutation,unstudentized,0.05,2000,2000,0,0,0.04,0.004381780460041329,303.772,1.0,0.0032811413121940337,11.0525,-0.0038795920704021232,
size,A_iid_weibull,in_spec,355,1.5,True,0.0,,,c6_exchangeability,permutation,,0.05,2000,2000,0,0,0.0475,0.004756245893559331,303.772,1.0,0.0032811413121940337,11.0525,-0.0038795920704021232,
size,A_iid_weibull,in_spec,355,1.5,True,0.0,,,cvm_cramer_von_mises,asymptotic,,0.05,2000,2000,0,0,0.052,0.004964675215963275,303.772,1.0,0.0032811413121940337,11.0525,-0.0038795920704021232,
size,A_iid_weibull,in_spec,355,1.5,True,0.0,,,cvm_cramer_von_mises,permutation,,0.05,2000,2000,0,0,0.048,0.0047799581588126895,303.772,1.0,0.0032811413121940337,11.0525,-0.0038795920704021232,
size,A_iid_weibull,in_spec,355,1.5,True,0.03,,,c1_lewis_robinson,asymptotic,,0.05,2000,2000,0,0,0.1025,0.006782099601155972,301.7435,11.0,0.03517259351513301,10.963,-0.0034022156553509767,
size,A_iid_weibull,in_spec,355,1.5,True,0.03,,,c1_lewis_robinson,permutation,,0.05,2000,2000,0,0,0.043,0.004536022486716748,301.7435,11.0,0.03517259351513301,10.963,-0.0034022156553509767,
size,A_iid_weibull,in_spec,355,1.5,True,0.03,,,c2_anderson_darling,permutation,,0.05,2000,2000,0,0,0.049,0.0048269555622566076,301.7435,11.0,0.03517259351513301,10.963,-0.0034022156553509767,
size,A_iid_weibull,in_spec,355,1.5,True,0.03,,,c5_rank_autocorr,permutation,studentized,0.05,2000,2000,0,0,0.0455,0.004659922209651144,301.7435,11.0,0.03517259351513301,10.963,-0.0034022156553509767,
size,A_iid_weibull,in_spec,355,1.5,True,0.03,,,c5_rank_autocorr,permutation,unstudentized,0.05,2000,2000,0,0,0.0465,0.004708383480558906,301.7435,11.0,0.03517259351513301,10.963,-0.0034022156553509767,
size,A_iid_weibull,in_spec,355,1.5,True,0.03,,,c6_exchangeability,permutation,,0.05,2000,2000,0,0,0.0415,0.004459694496263169,301.7435,11.0,0.03517259351513301,10.963,-0.0034022156553509767,
size,A_iid_weibull,in_spec,355,1.5,True,0.03,,,cvm_cramer_von_mises,permutation,,0.05,2000,2000,0,0,0.048,0.0047799581588126895,301.7435,11.0,0.03517259351513301,10.963,-0.0034022156553509767,
size,A_iid_weibull,in_spec,355,1.5,True,0.25,,,c1_lewis_robinson,asymptotic,,0.05,2000,819,1181,0,0.9536019536019537,0.007350069786823353,291.85958485958486,70.36996336996337,0.19426897588533906,9.921855921855922,-0.02817955737408433,"ValueError: gamma_hat is zero: every gap is identical, so the statistic it scales is undefined. A fully quantised duration vector (every window one read long) r"
size,A_iid_weibull,in_spec,355,1.5,True,0.25,,,c1_lewis_robinson,permutation,,0.05,2000,819,1181,0,0.0463980463980464,0.007350069786823356,291.85958485958486,70.36996336996337,0.19426897588533906,9.921855921855922,-0.02817955737408433,"ValueError: gamma_hat is zero: every gap is identical, so the statistic it scales is undefined. A fully quantised duration vector (every window one read long) r"
size,A_iid_weibull,in_spec,355,1.5,True,0.25,,,c2_anderson_darling,permutation,,0.05,2000,819,1181,0,0.042735042735042736,0.007067506244399342,291.85958485958486,70.36996336996337,0.19426897588533906,9.921855921855922,-0.02817955737408433,"ValueError: gamma_hat is zero: every gap is identical, so the statistic it scales is undefined. A fully quantised duration vector (every window one read long) r"
size,A_iid_weibull,in_spec,355,1.5,True,0.25,,,c5_rank_autocorr,permutation,studentized,0.05,2000,819,1181,0,0.042735042735042736,0.007067506244399342,291.85958485958486,70.36996336996337,0.19426897588533906,9.921855921855922,-0.02817955737408433,"ValueError: gamma_hat is zero: every gap is identical, so the statistic it scales is undefined. A fully quantised duration vector (every window one read long) r"
size,A_iid_weibull,in_spec,355,1.5,True,0.25,,,c5_rank_autocorr,permutation,unstudentized,0.05,2000,819,1181,0,0.0463980463980464,0.007350069786823356,291.85958485958486,70.36996336996337,0.19426897588533906,9.921855921855922,-0.02817955737408433,"ValueError: gamma_hat is zero: every gap is identical, so the statistic it scales is undefined. A fully quantised duration vector (every window one read long) r"
size,A_iid_weibull,in_spec,355,1.5,True,0.25,,,c6_exchangeability,permutation,,0.05,2000,819,1181,0,0.0463980463980464,0.007350069786823356,291.85958485958486,70.36996336996337,0.19426897588533906,9.921855921855922,-0.02817955737408433,"ValueError: gamma_hat is zero: every gap is identical, so the statistic it scales is undefined. A fully quantised duration vector (every window one read long) r"
size,A_iid_weibull,in_spec,355,1.5,True,0.25,,,cvm_cramer_von_mises,permutation,,0.05,2000,819,1181,0,0.04151404151404151,0.006970251270445892,291.85958485958486,70.36996336996337,0.19426897588533906,9.921855921855922,-0.02817955737408433,"ValueError: gamma_hat is zero: every gap is identical, so the statistic it scales is undefined. A fully quantised duration vector (every window one read long) r"
size,D_trp_power_law,in_spec,355,1.5,False,0.0,,1.0,c1_lewis_robinson,asymptotic,,0.05,2000,2000,0,0,0.0535,0.005031786462082826,355.0195,1.0,0.002808834909323787,355.0195,-0.00297502060712137,
size,D_trp_power_law,in_spec,355,1.5,False,0.0,,1.0,c1_lewis_robinson,permutation,,0.05,2000,2000,0,0,0.0495,0.004850244839180801,355.0195,1.0,0.002808834909323787,355.0195,-0.00297502060712137,
size,D_trp_power_law,in_spec,355,1.5,False,0.0,,1.0,c2_anderson_darling,asymptotic,,0.05,2000,2000,0,0,0.0535,0.005031786462082826,355.0195,1.0,0.002808834909323787,355.0195,-0.00297502060712137,
size,D_trp_power_law,in_spec,355,1.5,False,0.0,,1.0,c2_anderson_darling,permutation,,0.05,2000,2000,0,0,0.0505,0.00489641450451246,355.0195,1.0,0.002808834909323787,355.0195,-0.00297502060712137,
size,D_trp_power_law,in_spec,355,1.5,False,0.0,,1.0,c5_rank_autocorr,permutation,studentized,0.05,2000,2000,0,0,0.044,0.0045860658521220555,355.0195,1.0,0.002808834909323787,355.0195,-0.00297502060712137,
size,D_trp_power_law,in_spec,355,1.5,False,0.0,,1.0,c5_rank_autocorr,permutation,unstudentized,0.05,2000,2000,0,0,0.0465,0.004708383480558906,355.0195,1.0,0.002808834909323787,355.0195,-0.00297502060712137,
size,D_trp_power_law,in_spec,355,1.5,False,0.0,,1.0,c6_exchangeability,permutation,,0.05,2000,2000,0,0,0.051,0.004919298730510275,355.0195,1.0,0.002808834909323787,355.0195,-0.00297502060712137,
size,D_trp_power_law,in_spec,355,1.5,False,0.0,,1.0,cvm_cramer_von_mises,asymptotic,,0.05,2000,2000,0,0,0.055,0.005097793640389928,355.0195,1.0,0.002808834909323787,355.0195,-0.00297502060712137,
size,D_trp_power_law,in_spec,355,1.5,False,0.0,,1.0,cvm_cramer_von_mises,permutation,,0.05,2000,2000,0,0,0.0515,0.004942051699446294,355.0195,1.0,0.002808834909323787,355.0195,-0.00297502060712137,
size,D_trp_power_law,in_spec,355,1.5,False,0.03,,1.0,c1_lewis_robinson,asymptotic,,0.05,2000,2000,0,0,0.0745,0.005871530890662162,352.3325,11.0,0.030275298796556875,352.3325,-0.0038805710804181172,
size,D_trp_power_law,in_spec,355,1.5,False,0.03,,1.0,c1_lewis_robinson,permutation,,0.05,2000,2000,0,0,0.046,0.00468422885862764,352.3325,11.0,0.030275298796556875,352.3325,-0.0038805710804181172,
size,D_trp_power_law,in_spec,355,1.5,False,0.03,,1.0,c2_anderson_darling,permutation,,0.05,2000,2000,0,0,0.047,0.00473238840333293,352.3325,11.0,0.030275298796556875,352.3325,-0.0038805710804181172,
size,D_trp_power_law,in_spec,355,1.5,False,0.03,,1.0,c5_rank_autocorr,permutation,studentized,0.05,2000,2000,0,0,0.0515,0.004942051699446294,352.3325,11.0,0.030275298796556875,352.3325,-0.0038805710804181172,
size,D_trp_power_law,in_spec,355,1.5,False,0.03,,1.0,c5_rank_autocorr,permutation,unstudentized,0.05,2000,2000,0,0,0.0525,0.004987171041783107,352.3325,11.0,0.030275298796556875,352.3325,-0.0038805710804181172,
size,D_trp_power_law,in_spec,355,1.5,False,0.03,,1.0,c6_exchangeability,permutation,,0.05,2000,2000,0,0,0.0555,0.005119558086397693,352.3325,11.0,0.030275298796556875,352.3325,-0.0038805710804181172,
size,D_trp_power_law,in_spec,355,1.5,False,0.03,,1.0,cvm_cramer_von_mises,permutation,,0.05,2000,2000,0,0,0.047,0.00473238840333293,352.3325,11.0,0.030275298796556875,352.3325,-0.0038805710804181172,
size,D_trp_power_law,in_spec,355,1.5,False,0.25,,1.0,c1_lewis_robinson,asymptotic,,0.05,2000,2000,0,0,0.6935,0.010309164612130316,335.043,70.5535,0.1739499724479871,335.043,-0.02426211065229876,
size,D_trp_power_law,in_spec,355,1.5,False,0.25,,1.0,c1_lewis_robinson,permutation,,0.05,2000,2000,0,0,0.05,0.004873397172404482,335.043,70.5535,0.1739499724479871,335.043,-0.02426211065229876,
size,D_trp_power_law,in_spec,355,1.5,False,0.25,,1.0,c2_anderson_darling,permutation,,0.05,2000,2000,0,0,0.046,0.00468422885862764,335.043,70.5535,0.1739499724479871,335.043,-0.02426211065229876,
size,D_trp_power_law,in_spec,355,1.5,False,0.25,,1.0,c5_rank_autocorr,permutation,studentized,0.05,2000,2000,0,0,0.0515,0.004942051699446294,335.043,70.5535,0.1739499724479871,335.043,-0.02426211065229876,
size,D_trp_power_law,in_spec,355,1.5,False,0.25,,1.0,c5_rank_autocorr,permutation,unstudentized,0.05,2000,2000,0,0,0.046,0.00468422885862764,335.043,70.5535,0.1739499724479871,335.043,-0.02426211065229876,
size,D_trp_power_law,in_spec,355,1.5,False,0.25,,1.0,c6_exchangeability,permutation,,0.05,2000,2000,0,0,0.0455,0.004659922209651144,335.043,70.5535,0.1739499724479871,335.043,-0.02426211065229876,
size,D_trp_power_law,in_spec,355,1.5,False,0.25,,1.0,cvm_cramer_von_mises,permutation,,0.05,2000,2000,0,0,0.042,0.004485309353879618,335.043,70.5535,0.1739499724479871,335.043,-0.02426211065229876,
size,E_copula_ar1_durations,in_spec,355,1.5,False,0.0,0.0,,c1_lewis_robinson,asymptotic,,0.05,2000,2000,0,0,0.0585,0.0052477495176503994,354.5345,1.0,0.002812666562598004,354.5345,-0.0018462963824058918,
size,E_copula_ar1_durations,in_spec,355,1.5,False,0.0,0.0,,c1_lewis_robinson,permutation,,0.05,2000,2000,0,0,0.0555,0.005119558086397693,354.5345,1.0,0.002812666562598004,354.5345,-0.0018462963824058918,
size,E_copula_ar1_durations,in_spec,355,1.5,False,0.0,0.0,,c2_anderson_darling,asymptotic,,0.05,2000,2000,0,0,0.0595,0.005289600646551685,354.5345,1.0,0.002812666562598004,354.5345,-0.0018462963824058918,
size,E_copula_ar1_durations,in_spec,355,1.5,False,0.0,0.0,,c2_anderson_darling,permutation,,0.05,2000,2000,0,0,0.0555,0.005119558086397693,354.5345,1.0,0.002812666562598004,354.5345,-0.0018462963824058918,
size,E_copula_ar1_durations,in_spec,355,1.5,False,0.0,0.0,,c5_rank_autocorr,permutation,studentized,0.05,2000,2000,0,0,0.0595,0.005289600646551685,354.5345,1.0,0.002812666562598004,354.5345,-0.0018462963824058918,
size,E_copula_ar1_durations,in_spec,355,1.5,False,0.0,0.0,,c5_rank_autocorr,permutation,unstudentized,0.05,2000,2000,0,0,0.0565,0.005162739098579358,354.5345,1.0,0.002812666562598004,354.5345,-0.0018462963824058918,
size,E_copula_ar1_durations,in_spec,355,1.5,False,0.0,0.0,,c6_exchangeability,permutation,,0.05,2000,2000,0,0,0.056,0.005141206084179081,354.5345,1.0,0.002812666562598004,354.5345,-0.0018462963824058918,
size,E_copula_ar1_durations,in_spec,355,1.5,False,0.0,0.0,,cvm_cramer_von_mises,asymptotic,,0.05,2000,2000,0,0,0.0535,0.005031786462082826,354.5345,1.0,0.002812666562598004,354.5345,-0.0018462963824058918,
size,E_copula_ar1_durations,in_spec,355,1.5,False,0.0,0.0,,cvm_cramer_von_mises,permutation,,0.05,2000,2000,0,0,0.0525,0.004987171041783107,354.5345,1.0,0.002812666562598004,354.5345,-0.0018462963824058918,
size,B_iid_reads_carved,calendar,355,,False,0.0,,,c1_lewis_robinson,asymptotic,,0.05,2000,2000,0,0,0.0475,0.004756245893559331,356.5425,1.0,0.0027968703021319145,11.323,-0.0023857768128320196,
size,B_iid_reads_carved,calendar,355,,False,0.0,,,c1_lewis_robinson,permutation,,0.05,2000,2000,0,0,0.045,0.004635461142108733,356.5425,1.0,0.0027968703021319145,11.323,-0.0023857768128320196,
size,B_iid_reads_carved,calendar,355,,False,0.0,,,c2_anderson_darling,asymptotic,,0.05,2000,2000,0,0,0.048,0.0047799581588126895,356.5425,1.0,0.0027968703021319145,11.323,-0.0023857768128320196,
size,B_iid_reads_carved,calendar,355,,False,0.0,,,c2_anderson_darling,permutation,,0.05,2000,2000,0,0,0.0475,0.004756245893559331,356.5425,1.0,0.0027968703021319145,11.323,-0.0023857768128320196,
size,B_iid_reads_carved,calendar,355,,False,0.0,,,c5_rank_autocorr,permutation,studentized,0.05,2000,2000,0,0,0.0585,0.0052477495176503994,356.5425,1.0,0.0027968703021319145,11.323,-0.0023857768128320196,
size,B_iid_reads_carved,calendar,355,,False,0.0,,,c5_rank_autocorr,permutation,unstudentized,0.05,2000,2000,0,0,0.0585,0.0052477495176503994,356.5425,1.0,0.0027968703021319145,11.323,-0.0023857768128320196,
size,B_iid_reads_carved,calendar,355,,False,0.0,,,c6_exchangeability,permutation,,0.05,2000,2000,0,0,0.06,0.0053103672189407005,356.5425,1.0,0.0027968703021319145,11.323,-0.0023857768128320196,
size,B_iid_reads_carved,calendar,355,,False,0.0,,,cvm_cramer_von_mises,asymptotic,,0.05,2000,2000,0,0,0.0465,0.004708383480558906,356.5425,1.0,0.0027968703021319145,11.323,-0.0023857768128320196,
size,B_iid_reads_carved,calendar,355,,False,0.0,,,cvm_cramer_von_mises,permutation,,0.05,2000,2000,0,0,0.043,0.004536022486716748,356.5425,1.0,0.0027968703021319145,11.323,-0.0023857768128320196,
size,B_iid_reads_carved,in_spec,355,,False,0.0,,,c5_rank_autocorr,permutation,studentized,0.05,2000,2000,0,0,0.0585,0.0052477495176503994,356.712,1.0,0.0027955450194569933,8.8045,-0.00016338733970406016,
size,B_iid_reads_carved,in_spec,355,,False,0.0,,,c5_rank_autocorr,permutation,unstudentized,0.05,2000,2000,0,0,0.0605,0.005331029450303197,356.712,1.0,0.0027955450194569933,8.8045,-0.00016338733970406016,
size,B_iid_reads_carved,in_spec,355,,False,0.0,,,c6_exchangeability,permutation,,0.05,2000,2000,0,0,0.051,0.004919298730510275,356.712,1.0,0.0027955450194569933,8.8045,-0.00016338733970406016,
size,B_iid_reads_carved,in_spec,355,,False,0.0,,,cvm_cramer_von_mises,permutation,,0.05,2000,2000,0,0,0.05,0.004873397172404482,356.712,1.0,0.0027955450194569933,8.8045,-0.00016338733970406016,
size,C_ar1_reads_carved,calendar,355,,False,0.0,0.0,,c1_lewis_robinson,asymptotic,,0.05,2000,2000,0,0,0.0525,0.004987171041783107,356.6425,1.0,0.002796088272506763,11.3325,-0.002120695130217316,
size,C_ar1_reads_carved,calendar,355,,False,0.0,0.0,,c1_lewis_robinson,permutation,,0.05,2000,2000,0,0,0.0505,0.00489641450451246,356.6425,1.0,0.002796088272506763,11.3325,-0.002120695130217316,
size,C_ar1_reads_carved,calendar,355,,False,0.0,0.0,,c2_anderson_darling,asymptotic,,0.05,2000,2000,0,0,0.05,0.004873397172404482,356.6425,1.0,0.002796088272506763,11.3325,-0.002120695130217316,
size,C_ar1_reads_carved,calendar,355,,False,0.0,0.0,,c2_anderson_darling,permutation,,0.05,2000,2000,0,0,0.048,0.0047799581588126895,356.6425,1.0,0.002796088272506763,11.3325,-0.002120695130217316,
size,C_ar1_reads_carved,calendar,355,,False,0.0,0.0,,c5_rank_autocorr,permutation,studentized,0.05,2000,2000,0,0,0.045,0.004635461142108733,356.6425,1.0,0.002796088272506763,11.3325,-0.002120695130217316,
size,C_ar1_reads_carved,calendar,355,,False,0.0,0.0,,c5_rank_autocorr,permutation,unstudentized,0.05,2000,2000,0,0,0.046,0.00468422885862764,356.6425,1.0,0.002796088272506763,11.3325,-0.002120695130217316,
size,C_ar1_reads_carved,calendar,355,,False,0.0,0.0,,c6_exchangeability,permutation,,0.05,2000,2000,0,0,0.048,0.0047799581588126895,356.6425,1.0,0.002796088272506763,11.3325,-0.002120695130217316,
size,C_ar1_reads_carved,calendar,355,,False,0.0,0.0,,cvm_cramer_von_mises,asymptotic,,0.05,2000,2000,0,0,0.051,0.004919298730510275,356.6425,1.0,0.002796088272506763,11.3325,-0.002120695130217316,
size,C_ar1_reads_carved,calendar,355,,False,0.0,0.0,,cvm_cramer_von_mises,permutation,,0.05,2000,2000,0,0,0.048,0.0047799581588126895,356.6425,1.0,0.002796088272506763,11.3325,-0.002120695130217316,
size,C_ar1_reads_carved,in_spec,355,,False,0.0,0.0,,c5_rank_autocorr,permutation,studentized,0.05,2000,2000,0,0,0.0545,0.005075911248239078,357.3345,1.0,0.0027906885884557584,8.773,-0.00528029528725208,
size,C_ar1_reads_carved,in_spec,355,,False,0.0,0.0,,c5_rank_autocorr,permutation,unstudentized,0.05,2000,2000,0,0,0.0515,0.004942051699446294,357.3345,1.0,0.0027906885884557584,8.773,-0.00528029528725208,
size,C_ar1_reads_carved,in_spec,355,,False,0.0,0.0,,c6_exchangeability,permutation,,0.05,2000,2000,0,0,0.0455,0.004659922209651144,357.3345,1.0,0.0027906885884557584,8.773,-0.00528029528725208,
size,C_ar1_reads_carved,in_spec,355,,False,0.0,0.0,,cvm_cramer_von_mises,permutation,,0.05,2000,2000,0,0,0.052,0.004964675215963275,357.3345,1.0,0.0027906885884557584,8.773,-0.00528029528725208,
